topic_id,count,coherence_c_v,label,top_words,example_1,example_2,example_3
1,6719,0.5031,,"minister, that, he, committee, the, has, hon, is, can, been","Madam Speaker, we must not forget that this is just a provisional charge. The enquiry is still on. The counting is not over and it was supposed to continue today but, unfortunately, the former Prime Minister has fallen ill. I think I am not in a position to answer to many supplementary questions because being given that he has not yet given his defence statement, being given that all the money has not yet been counted; I think any new information that may go out may cause a lot of prejudice to the enquiry.","If I can move to the last part of my question. Concerning the Roches Noires bungalow affair, I think I heard the Rt. hon. Prime Minister say that the former Prime Minister has not to date given a statement. He has said he will later on give a statement. Have all the other aspects of that inquiry into the Roches Noires bungalow affair been completed?","Well, the inquiry has not yet been completed, because the former Prime Minister has not given his statement so far. Once his statement is given, then the Police will consider whether other statements have to be recorded."
0,5374,0.4609,,"minister, prime, hon, you, he, not, please, reply, question, is",The Rt. hon. Prime Minister has informed us that…,"Please, allow the hon. Prime Minister to reply.","We will come with the final report. RELIGIOUS & SOCIO-CULTURAL FUNCTIONS – POLITICAL SPEECHES (No. B/8) Mr E. Jhuboo (Third Member for Savanne & Black River) asked the Rt. hon. Prime Minister, Minister of Defence, Home Affairs, Minister for Rodrigues and National Development Unit whether, following Government’s decision not to take the floor during socio-cultural functions, he will state if consideration will be given for the introduction of legislation, as is the case in Singapore."
10,3658,0.9085,,"twa, ki, li, mo, pa, pe, mwa, pou, dir, sa",ROCHES NOIRES – BUNGALOW – THEFT,"You have made your point, hon. Ganoo!",Of course!
4,3290,0.3177,,"dont, no, not, you, do, non, question, am, please, me","No, I am not aware of any.","Anyway, I don’t find it necessary.","In the circumstances, we have no alternative."
3,2978,0.761,,"hospital, medical, health, patients, hospitals, doctors, at, cancer, treatment, the","Madam Speaker, I have already mentioned that according to the information that I have, in Tranquebar, we have 82 cases that have been registered in my Ministry. Anyway, I am going to ask my officers to consider the suggestion of the hon. Member and definitely we are going to have a solution.","I just mentioned that wherever there is an extension, they contact my Ministry which will do the needful with the Ministry of Health to assist people so that, at least, we can take the necessary precautions with the asbestos products. This is being done and this is going to continue to be.","asked the Minister of Health and Quality of Life whether, in regard to the Pre-Registration Training for new qualified doctors, he will – (a) give a list thereof awaiting training, indicating in each case, the date of registration, and (b) state when they will be enlisted, indicating the number thereof that will be enlisted Reply: With regard to part (a) of the question, the list requested in respect of applications from newly qualified doctors together with the relevant information is being placed in the Library. With regard to part (b) of the question, procedures are under way for the enlistment of 63 Pre-Registration House Officers."
2,2829,0.6486,,"water, authority, drainage, cwa, works, drains, drain, the, of, supply","Excuse me! I don’t think this question can be accepted, because the question is in regard to hawkers, the number thereof and the measure that will be taken to regulate the situation. Next question, hon. Lesjongard! SAVANNE & BLACK RIVER - EDC HOUSES - ASBESTOS","asked the Vice-Prime Minister, Minister of Housing and Lands whether, in regard to the EDC houses in which asbestos is present, in Constituency No. 14, Savanne and Black River, he will state – (a) the number thereof that – (i) have been pulled down, and (ii) are still in place, and (b) the remedial actions that have been in respect thereof.","asked the Vice-Prime Minister, Minister of Energy and Public Utilities whether, in regard to the acute sewerage problem at Cité Marcel Cabon Albion Village, he will – (a) state if urgent consideration will be given for the compulsorily acquisition of land for the installation of a leaching plant thereat, and (b) for the benefit of the House, obtain from the Waste Water Management Authority, information as to if consideration will be given for regular pumping of individual sewers to alleviate the hardship of the inhabitants."
14,2783,0.5399,,"project, contract, projects, works, we, been, was, completed, have, is","The hon. Minister clarifies something. If the money is there provided for by the previous Government, if the sites are there provided for the previous Government, he is not telling the House, I hope, that the procurement process and the preparation and implemention of the previous Government’s project to come with the solution will take a year! I am sure that he can find ways and means of being more reasonable with the time that it would take to implement the project because this goes against the very policy of the hon. Prime Minister, they are going fast, because it is extremely slow.","In no way! I am working on it. These sites have been identified. We are planning a new project, better project than what was envisaged previously. That’s why we are working….","Mr Deputy Speaker, Sir, in fact, we are now seeing what are the priorities of the decongestion programme and we are going to have consultations with the Minister of Finance and we will have a set of priorities. It is going to be one of the priorities."
18,2598,0.902,,"de, le, budget, la, et, les, des, pour, en, que","May I ask the Rt. hon. Prime Minister, in view of the substantial amount of money which has been found on the premises of the former Prime Minister and in view of the fact that all parties in this House are agreeable that a legal framework be set up to control the finances of political parties, doesn’t the Prime Minister think that it is urgent to uphold the dignity of the political class in this country after what has just happened to come up with a legislation, either setting up a Select Committee or come up with a legislation once for all for the financial control of political parties?","I think it is directly relevant to part (ii) of the question; the question of local workers with a view to reducing unemployment. I was drawing the Minister’s attention to the Construction Sector, Mr Deputy Speaker.","Madam Speaker, I have read the chapter on economy; I can perceive that there are good intentions from the present Government. I sincerely hope that the Government of the day do achieve what they have proposed. The creation of new pillars for economic growth, such as making Mauritius a regional bunkering hub, the development of the Ocean Economy, the implementation of the Duty-Free Shopping Paradise are not new to this Assembly. They have been invoked in the past by previous Governments. The Deputy Prime Minister, hon. Duval, who was serving as Minister of Finance in the previous Government, did mention in the 2014 Budget, about making Mauritius a Marine Services Hub. He mentioned the creation of a Marine Services Platform as a new pillar centered on growing the bunkering facilities. He also mentioned that currently we attract bunkering traffic for only 300,000 tonnes and the demand for bunkering in the region is expected to rise to around 8.6 m. tonnes. And this is why the previous Government took the decision to liberalise the importation of bunker fuel resulting in more competitive tariffs. However, this won’t be enough because there are other factors that should be considered such as the need to have the infrastructure and equipment and the human resource to support an efficient bunkering operation in the port. So, Madam Speaker, such a project should be given its utmost priority and I suggest that there must be an exhaustive study and we should follow the path led by Singapore which has now become the world’s largest bunkering port. The Ocean Economy is yet another pillar mentioned by the hon. Deputy Prime Minister, the then Minister of Finance, under the previous Government. A roadmap had been prepared and various opportunities were identified for the exploration of the 2.3 m. square kilometres of maritime zone, including petroleum and mineral exploration, seafood and aquaculture, deep ocean water applications, marine renewable energies and ocean knowledge. A National Ocean Economy Task Force was even set up to oversee the implementation of that roadmap. Even experts from World Bank were roped in to help in the realisation of this new pillar of economic development. And I congratulate this Government for their decision to continue with this project. The Duty-free Shopping Paradise, again another laudable project initiated by hon. Pravind Kumar Jugnauth back in 2005 when he announced the abolition of 80% tax on about 1850 varieties of goods, including fabrics, electronics and jewellery. However, it is regrettable that this project has not really materialised. We still find most of our tourist visitors coming with their 10kg luggage and leaving the country with their 10kg luggage. Now, I believe that maybe this duty-free concept should be extended to more varieties of products to the taste and to the needs of the visitors, but, at the same time, we should be careful not to make things more complicated for those export-led industries, especially in the present context of the fall in the Euro. The creation of an SME bank and earmarking Rs10 billion for the SMEs, again it is good intention to increase growth and create jobs, but until and unless these SMEs do not explore the right market to exhaust their products, no amount of fiscal alleviations would help them. Our market is too small for the survival of these SMEs and they should, therefore, be encouraged to export overseas. Measures should be taken by the Government so that these SMEs have easy access to information, advice and finance so that they can have the required technology to compete on the international market. Madam Speaker, bringing our country to a higher level of economic development or attaining a second socio-economic miracle, whatever terms we use, what is important is that we should develop new strategies to maximise our opportunities in a new world environment. We cannot take any risk and formulate economic policies haphazardly. This Government cannot take any risk and it will have to fulfil the promise of making the economic miracle, otherwise the future of a whole generation will be wasted. This is why I suggest that maybe the present Government should consider the setting-up of an Economic Strategies Committee under the chairmanship of the hon. Minister of Finance comprising of experts. This committee should engage itself in obtaining views and suggestions from various stakeholders, including the industries, business chambers and associations, universities and think-tanks, unionists, professionals, entrepreneurs and members of the public. Proposals from this committee would then help to develop meaningful social and economic strategies to create growth. Madam Speaker, only economic growth will help to create jobs. The Government has promised the creation of 15,000 jobs annually and a significant number of jobs in the public sector. We are all concerned with the number of unemployed school leavers and graduates who are struggling to find a decent job. Palliative measures such as the “Youth Employment Programme’ will not solve the problem. Government should make an assessment of the current ‘Youth Employment Programme’ to find out how many of those enlisted in that programme do retain their jobs after the completion of their one-year contract and then come up with reforms. Madam Speaker, the quest for a second socio-economic miracle would not be accomplished if we do not come up with an adaptable and realistic reform in the education sector. I am glad to see in the programme that Government is aiming at providing a high standard of academic education and skills for our youngsters. It is also encouraging to see that the education reforms will focus on curriculum review and performance improvement at all levels. The reforms should not only consider providing high standard of quality education but should also include value education. The level of discipline in our schools has been the subject of a lot of debates recently and this is what parents are saying outside. They are saying: ‘when a three or four-year-old child comes to school for admission, the child comes as a little angel but when the child, now a young adult, leaves the school at the age of seventeen or eighteen, he/she often leaves as a little devil.’ So, we have to bring meaningful change in the educational sector that would take account of both quality and value education. When talking about quality education, I would like to draw the attention of the hon. Minister of Education and Human Resources to the book called ‘Ti-Matou’ that was introduced in the primary education curriculum last year with the blessing of the previous Minister."
41,2519,0.9532,,"le, de, la, et, que, les, nous, pas, qui, je","Well, unfortunately, insofar as socio-cultural societies are concerned, we know what use has been made of them in the past and in most cases the politicians don’t stick to the subject matter, they slip away and they do the most heinous type of politics on these platforms.","At least, in the past, there was a policy when hon. Bodha was Minister, there was consensus, jet skis were banned. Take a decision. Why do we have to wait for a negative comment from the Ministry of Fisheries, Tourism Authority, those who will be appointed, revoked, replaced? Why not take a policy decision? Why not going back to the policy decision that was taken and ban it?","I, in fact, saw in a file that my predecessor had a lot of discussions with a lot of people, but could not reach consensus. So, hopefully, we can reach consensus, but at the end of the day, we will have to do what we have to do."
5,2517,0.4816,,"madam, speaker, sir, you, mr, not, it, is, what, am","Well, Madam Speaker, it is our habit to act quickly.","Madam Speaker, I, myself, have raised this issue in this House since 2012 and up to now there has not been any drastic change in this issue.","Excuse me, Sir. Madam Speaker, the point is very clear; we are going to see to it that all actions proactive, active, reactive will be taken in time."
13,2172,0.7762,,"road, traffic, works, rda, roads, street, bridge, along, the, construction","Thank you, Madam Speaker. The hon. Vice-Prime Minister mentioned that some of the houses in Vallée Pitot may be affected by the Ring Road track. Is that still the case? Is the Government still going ahead with the Ring Road across Vallée Pitot?","Yes, Madam Speaker. In fact, when I did the site visit, I walked from La Gare du Sud to La Gare du Nord. But, it was not just these two sites, there were a lot of sites on the way. A lot of roads were included. I did not mention each and every road specifically. So, we visited quite a number of sites. That’s No. 1. Secondly, you are right, there were Rs117 m. earmarked for the project, but, as I mentioned, we are working on these sites and that’s going to take a bit of investment. The money is here, we are going to invest it to provide these new facilities to hawkers.","asked the Minister of Public Infrastructure and Land Transport whether, in regard to road congestion along Ebene link road to Vandermeersch Round about and Vandermeersch Street, Rose Hill towards Beau Bassin, he will, for the benefit of the House, obtain from the Road Development Authority, information as to if urgent measures will be taken under the Road Decongestion Programme to alleviate the hardship of road users thereat."
8,2055,0.9218,,"schools, education, students, school, secondary, teachers, primary, grade, tertiary, educators","asked the Minister of Education and Human Resources, Tertiary Education and Science Research whether she will state if her Ministry is considering the introduction of subject teaching at the primary level.","There have been a lot of complaints from parents about the contents of that book. Instead of raising their level of education, it has created confusion in the minds of young children at their tender age. How can a child, who is still struggling with learning words, be taught to read lengthy texts at the first year cycle? How can a child be taught to learn words without being taught syllables? How can educators be asked to work on a book without having been given proper and adequate training? I hope that the hon. Minister shall take immediate corrective measures as she did for the Enhancement Programme which was a complete waste of public money and which was being used by some parents working late hours as a ‘garderie’ for their children after school hours.","I take note of the Government’s decision to introduce a 9-year basic continuous schooling and to replace the Certificate of Primary Education by an end of primary cycle assessment. However, before embarking on such a course, I would request the hon. Minister to come with an integrated roadmap or a green paper with concrete proposals so that there are constructive inputs from different stakeholders on such an important issue. I also welcome Government’s decision to come up with an Integrated Career Counselling Service to enable the young students to better plan their career. I would like to seize the opportunity to draw the attention of the hon. Minister that under my chairmanship when I was at the Human Resource Development Council, we have worked on this project for the setting-up of such a Career Counselling Service and the project has reached an advanced stage. Madam Speaker, I cannot end my speech without referring to the Police inquiry against the former Prime Minister that led to the seizure of bank notes found in his safes. I shall refrain myself from engaging in a debate about the source of that money, since there is an on- going Police inquiry and, above all, we should not give the impression of being ‘des hypocrites’ or close our eyes to the obvious. But there is…."
57,2041,0.5165,,"yes, you, but, it, what, is, am, let, course, are",In which case is that?,…is also concerned…,This is not our way just to go for publicity….
30,2033,0.5206,,"mauritius, chagos, the, we, in, that, archipelago, of, to, and","Thank you, Madam Speaker. Is the hon. Minister aware that in a written reply to Rajya Sabha in India, the hon. Minister of Finance, Arun Jaitley stated that India has made certain proposals for the revision of DTC to end round-tripping and other aspects. Mauritius is yet to agree to such revision. It would appear from the Indian side that the ball is on our camp. May I know from the hon. Minister what he is doing to hit back the ball?","May I take it that, as at today, the hon. Minister is not in a position to tell us when he is going to have a new meeting and is he aware that time is running out? Only last week the Foreign Investment Promotion Board of India refused treaty to 23 FDI proposals including FDI proposals from Mauritius companies? So, whereas we are sitting here, India is taking action and denying treaty provisions to our FDIs.",… to pull down these houses once for all so that Mauritius can be free of asbestos houses?
36,1943,0.4461,,"bill, this, de, we, that, is, to, the, speaker, it","Madam Speaker, I am advised that everything has been done according to our law.","Madam Speaker, as the House is aware, the Government Programme 2015-2019 already provides for the introduction of a new Declaration of Assets Bill with a view to curbing fraud, corruption, malpractices and irregularities in all aspects of public life and restoring our national values. My Government will come up with such a Bill as soon as it is ready.","Can I also ask the Rt. hon. Prime Minister when looking into this new Bill, to give consideration to the possibility of making those declarations of assets public because in the past we had a problem and it is filed with ICAC, whether it has to be laid before the Speaker or not?"
20,1899,0.5298,,"police, officers, commissioner, that, there, have, is, the, to, case","Madam Speaker, in regard to part (a) of the question, I am informed by the Commissioner of Police that on Saturday 07 February 2015, the following charges were lodged against Dr. Navinchandra Ramgoolam, former Prime Minister - (i) “Conspiracy”, and (ii) “Money Laundering”. The enquiry is still in progress. Madam Speaker, with regard to part (b) of the question, I am informed by the Commissioner of Police that Police filed a “Prohibition Order” against Dr. Ramgoolam on 07 February 2015, together with the Provisional Charges, to which the Bail and Remand Court acceded. Madam Speaker, with regard to part (c) (i) of the question, I am informed by the Commissioner of Police that Police sought to interview Dr. Navinchandra Ramgoolam on Saturday 07 February 2015, at the Central CID, Line Barracks, in connection with the theft at Roches Noires bungalow and after being cautioned, he declined to give his statement and informed that he would do so at a later stage. Madam Speaker, in regard to part (c) (ii), as far as the case of the death of Mr A. K. R. in Police custody at Rivière du Rempart Police Station is concerned, in light of fresh information obtained on the case, a new enquiry is in progress, and so far Dr. Ramgoolam has not been interrogated. Madam Speaker, regarding part (c) (iii) of the question, relating to the audio recording at Rivière du Rempart in December 2014, I am informed that the enquiry into the case is in progress and Dr. Ramgoolam would be interrogated in due course.","Madam Speaker, we heard the Rt. hon. Prime Minister saying that there are two provisional charges. In the case of the one relating to money laundering, if the Rt. hon. Prime Minister has gone through the provisional charge before the Court concerned, has it been brought to his attention that the provisional charge amongst other things reads thus, I quote - “(…) was found in possession of over Rs4 m. composed of Mauritian rupees and foreign currencies and another huge amount of around Rs200 m., suspected to be proceeds of corruption and bribe found in two safes seized by the Central CID which have to be forced opened, as access therewith is not available”. Has the Rt. hon. Prime Minister tried to find out how can, in a provisional charge, be said that the two safes have not yet been opened, and yet there is a huge amount of Rs200 m. in those two safes yet to be opened?","The Rt. hon. Prime Minister will have understood my point. Is it serious to put in a provisional charge that the safes have not yet been opened and yet the Police, the CID knows that there is a huge amount of more than Rs200 m., concerning safes not yet opened, according to themselves?"
139,1890,0.409,,"item, chairperson, fees, minister, thank, amount, can, paid, hon, know","Madam Speaker, the hon. Prime Minister mentioned that one of the charges against the former Prime Minister is one of money laundering. In view of the fact that a huge amount of money is involved in foreign currency, is the hon. Prime Minister aware whether the hon. Attorney General has made any request for any foreign State for assistance under the Mutual Assistance in Criminal and Related Matters for this case?","Mr Deputy Speaker, Sir, when the hon. Minister mentioned claims for certain payments, may I know from him whether these payments have been made or they have been put on hold?","As far as part (b) is concerned, Madam Speaker, I think here the hon. Minister tells us the value of the treatment of landslides award. Can he confirm that Sinohydro was awarded the contract for Rs800 m., that, up to date, 8% have already been paid? He tells us that Sinohydro has agreed to stop works, on what conditions and is Sinohydro also being investigated into by the Committee and so on of hon. Minister Bhadain?"
19,1875,0.4448,,"leader, opposition, hon, you, please, not, he, question, have, me",No. I have not read that. Nobody has told me that and I think this is a very wrong impression that the hon. Leader of the Opposition has got. I am not aware of anything of that sort.,"One last question, we have got three more minutes. The last question is usually for the hon. Leader of the Opposition. Does he have any other questions?",I will allow the hon. Leader of the Opposition one last question!
11,1865,0.4683,,"minutes, time, you, minute, over, 1130, one, your, left, am","Well, I cannot say for now. It will take the time it will take.",For three months?,Thank you. Time is over!
17,1855,0.3036,,"member, hon, members, please, you, question, shame, point, order, not",For which period is the hon. Member referring to?,"Please proceed, hon. Member!","Don’t interrupt the hon. Member, please!"
6,1821,0.7463,,"sports, football, athletes, games, youth, sport, federation, jeux, le, de","asked the Minister of Youth and Sports whether, in regard to Mr D. S., he will, for the benefit of the House, obtain from the Mauritius Football Association, information as to the terms and conditions of his recruitment.","Madame la présidente, avant que M. Six ne soit engagé par le ministère des Sports, la MFA, la ligue professionnelle, l’honorable ministre peut-il nous dire où a-t-il exercé comme entraîneur national et pendant quelle periode? Et aussi où a-t-il exercé comme Directeur Technique National et encore une fois durant quelle periode ?",Next question! REUNION ISLAND - INDIAN OCEAN ISLAND GAMES – TRAINING PROGRAMME
9,1740,0.6577,,"he, him, his, not, is, said, you, what, did, but","Yes, he himself answered!",He owed Rs6.8 m. for his bungalow. It is only after his defeat at the general elections on 12 December 2014 that he settled his account late at night!,"Hanging, certainly not, because he was lying on the ground as far as I know. But I have not been given any such information."
7,1618,0.6058,,"drug, drugs, cannabis, methadone, police, synthetic, trafficking, of, and, the","SYNTHETIC CANNABINOIDS – MEASURES (No. B/5) Mr A. Ameer Meea (Second Member for Port Louis Maritime & Port Louis East) asked the Rt. hon. Prime Minister, Minister of Defence, Home Affairs, Minister for Rodrigues and National Development Unit whether, in regard to new types of synthetic drugs on the market, including Wazabi, Black Mamba, he will, for the benefit of the House, obtain from the Commissioner of Police, information as to the quantity thereof, estimated to have been introduced in Mauritius, indicating the measures taken or that will be taken to prevent the proliferation thereof.","Madam Speaker, I am informed by the Commissioner of Police that during the year 2013, criminal intelligence revealed that new types of Synthetic Cannabinoids made of new psychoactive substances have entered Mauritius. Wazabi and Black Mamba are the street names of two of those Synthetic Cannabinoids. Since October 2013, these ‘Synthetic Cannabinoids and their derivatives’ are considered as dangerous drugs according to the First Schedule to the Dangerous Drugs Act. I am further informed by the Commissioner of Police that 30 cases of sale or consumption of this new type of drug have thus been established by the Anti-Drug and Smuggling Unit. In all these cases, enquiry is still in progress and examination by the Forensic Science Laboratory is still being carried out to determine, inter-alia, the quantity of the synthetic drug secured so far. Madam Speaker, it is indeed of paramount importance that our citizens are shielded from the consumption of not only the Wazabi or Black Mamba, but from any other incumbent or potential illicit drugs. A series of measures are being adopted by the Police to prevent illegal drug proliferation which include, inter alia, the following - (i) the setting of an intelligence cell which enables the pro-active targeting of local and foreign drug dealers and their network; (ii) drug mapping where drug transactions, drug traffickers, pedlars and addicts are located; (iii) aerial patrols, undercover operations, intensive surveillance, raid and searches, and (iv) drug reduction programmes comprising sensitisation campaign in collaboration with NATReSA and other NGO’s. Moreover, Police is working in close partnership with the Mauritius Revenue Authority and the Ministry of Health and Quality of Life to tighten security so as to prevent entry of drugs at the Port and airport. Madam Speaker, my Government has a zero tolerance policy against the drug scourge. I have taken a commitment in the Government Programme to set up a Commission of Enquiry on Drug Trafficking and my Government shall pursue a relentless fight against traffickers, while ensuring that the seaport and airport are equipped with state-of-the-art equipment and technology to counter any attempt to introduce drugs in Mauritius.","Thank you, Madam Speaker. In view of the ever changing scene of drugs in Mauritius and abroad like in this case of Synthetic Cannabinoids drugs, can the hon. Prime Minister consider the fact of creating a Drug Observatory like it is the case in many countries abroad, so as to keep aware parents, educators and all those concerned with the prevention of drugs and to take precautions concerning new drugs entering the country?"
70,1584,0.5157,,"litre, item, per, amount, year, rs, duty, fees, specific, column",We will follow up and the cost is Rs8.95 m…,"I heard the figures, but I did not take them down. The contribution to subsidy on three things: LPG gas, flour and rice. We have been given the amount of funds collected. Can we have on these three items – • LPG subsidy; • Flour subsidy, and • Ration rice subsidy the sum actually spent in 2014? We have the sum collected, how much was spent on these three items of subsidy?","No. 62.5 million Euros. The cost Rs4.5 billion and the loan was in Euros, 62.5 million."
115,1543,0.7797,,"thereof, asked, regard, minister, whether, indicating, obtain, information, benefit, of","asked the Rt. hon. Prime Minister, Minister of Defence, Home Affairs, Minister for Rodrigues and National Development Unit whether, in regard to Advisers/Press Attachés employed on a contract basis and attached to each Ministry, since July 2005 to date, he will give a list thereof, indicating in each case – (a) their qualifications; (b) their areas of responsibility; (c) their salaries and any other allowances drawn; (d) their terms and conditions of appointment, and (e) the make and model of Government car put at their disposal.","NATIONAL ASSEMBLY - PROCEEDINGS - LIVE BROADCAST (No. B/7) Mr R. Bhagwan (First Member for Beau Bassin & Petite Rivière) asked the Rt. hon. Prime Minister, Minister of Defence, Home Affairs, Minister for Rodrigues and National Development Unit whether, in regard to the live broadcasting of the proceedings of the National Assembly through television, radios and web tv, he will state if Government intends to – (a) set up a Select Committee to look thereinto, or (b) study the draft report of the previous Select Committee on live broadcasting of the proceedings of the House of the Fifth National Assembly and implement its recommendations.","asked the Rt. hon. Prime Minister, Minister of Defence, Home Affairs, Minister for Rodrigues and National Development Unit whether, in regard to access to the VIP Lounge, he will state if Mrs N. S. was granted such facilities and, if so, indicate - (a) the number thereof, since July 2005 to December 2014, and (b) if any official request was made therefor and, if so, in which capacity."
22,1531,0.4852,,"uteem, hon, tour, doolub, ms, lesjongard, nagalingum, toussaint, mrs, anquetil",Hon. Uteem!,Hon. Lesjongard!,Hon. Uteem!
174,1506,0.5762,,"bank, money, billion, fund, that, finance, is, funds, it, financial",The hon. Minister announced again that a substantial amount of money will go to the MID Fund (Mauritius Ile Durable Fund). May I know from the hon. Minister why are we still paying for the MID Fund when the Government has already abolished the Office of MID Commission?,"May I ask the hon. Minister as regards security bonds and his intention to review it, is he aware that it was reviewed in actual fact by the previous Government under the Directors of the then Vice-Prime Minister and Minister of Finance who thought that it would be business-friendly to do away with the bonds?","As far as the first part of my question is concerned, Madam Speaker, if I heard the hon. Minister rightly, the contract was awarded to Colas for Rs2.1 billion, and he said that to date Rs3 billion – slightly more – have been paid. Are there outstanding claims emanating from Colas and his consultant EGIS still being paid as a consultant?"
34,1479,0.6257,,"land, lands, state, lease, housing, of, the, ministry, for, to","Next question, hon. Uteem! PORT LOUIS SOUTH & PORT LOUIS CENTRAL - STATE LANDS - ILLEGAL OCCUPATION (No. B/20) Mr R. Uteem (First Member for Port Louis South & Port Louis Central) asked the Vice-Prime Minister, Minister of Housing and Lands whether, in regard to the State lands in Constituency No. 2, Port Louis South and Port Louis Central, he will state if any illegal occupation thereof has been reported and, if so, indicate – (a) the number thereof, and (b) state, in each case, the measures Government proposes to take in relation thereto.","Mr Deputy Speaker, Sir, I raised that issue on many occasions here that there was a plot of land identified and it was the responsibility of the Minister of Housing to identify the owner and have a compulsory acquisition. Can I ask the hon. Vice-Prime Minister to, at least, make a request to the Minister to, at least, speed up ….","With due respect, can I make a request to the hon. Vice-Prime Minister to ask the Minister of Housing to expedite matters if they have identified the owner of the land and if it is okay, then to proceed accordingly?"
33,1471,0.5276,,"deputy, speaker, sir, mr, motion, he, not, is, this, it","I will do what can be done, Mr Deputy Speaker, Sir.","Mr Deputy Speaker, Sir, the MID does not fall under my responsibility and it will be presumptuous on my behalf to decide whether the subsidies should be discontinued or continued. QUARTIER SOLITUDE, PLAINE MAGNIEN – INHABITANTS - RELOCATION","Mr Deputy Speaker, Sir, regarding part (a) of the question, hon. Members would surely understand that compilation of such a list would be quite a time consuming exercise, as we are considering a forty year period. The more so that…"
12,1463,0.5196,,"regulations, notice, amendment, annual, no, consumer, report, ended, taxable, government","(b) The Annual Report 2013 of the Sugar Insurance Fund Board. (In Original) (c) The Annual Report of the Accountant General and the Accounts of the Permanent Resident Investment Fund for the year ended 31 December 2013. (In Original) (d) The Annual Report of the Accountant-General and the Accounts of the Government of the Republic of Mauritius for the fiscal year ended 31 December 2013. (In Original) (e) The Digest of Crime, Justice and Security Statistics - 2013.","(Amendment) Rules 2014. (Government Notice No. 226 of 2014). (g) The Excise (Amendment of Schedule) (No. 6) Regulations 2014 (Government Notice No. 230 of 2014). C. Ministry of Technology, Communication and Innovation – The Annual Reports 2011 and 2012 of the Mauritius Broadcasting Corporation. (In Original) D. Ministry of Public Infrastructure and Land Transport – The Road Traffic (Crop Season) (Amendment) Regulations 2015 (Government Notice No. 2 of 2015). E. Ministry of Education and Human Resources, Tertiary Education and Scientific Research – The Annual Reports of the Early Childhood Care and Education Authority for the years ended 2011, 2012 and 2013. (In Original) F. Ministry of Local Government – The Report of the Director of Audit on the Financial Statements of the Statutory Bodies Family Protection Fund for the year ended 31 December 2013. (In Original) G. Attorney General’s Office – (a) The Institution Agréées (Amendment) Regulations 2014 (Government Notice No. 1 2015) (b) The Report of the Director of Audit on the Financial Statements of the Law Reform Commission for the year ended 31 December 2013.",H. Ministry of Agro – Industry and Food Security – (a) The Terminal Report and Audited Financial Statements of the ex-Tobacco Board for period ended 25 November 2013. (In Original) (b) The Annual Report and Accounts of the Irrigation Authority for the Year July 2009 – Dec 2009 and the year January 2010 – December 2010. (In Original) (c) The Annual Report 2009-2010 of the Small Planters Welfare Fund.
16,1456,0.5554,,"covid19, vaccines, vaccination, health, vaccine, patients, doses, hiv, and, sir","Madam Speaker, may we know from the hon. Minister whether he is aware that we had several researches and documents since 1950, and that fluoride is the best preventive measure? The hon. Minister has mentioned a lot of clinics; those are curative. To reduce the cost in the long run, prevention is better than cure. I take it that this new Government will go mainly on prevention …","Do not go on WHO requirements, go on Mauritian requirements. From a dental point of view, we find fluoride is the best preventive measure.","I understand the hon. Member to be asking about the introduction of fluoride. May I say, Madam Speaker, that fluoride is used mainly in toothpaste, which is widely available in Mauritius. We will certainly look into whatever the World Health Organisation says, but at least we trust the world body about this matter."
15,1395,0.8386,,"ceb, energy, electricity, central, renewable, board, mw, power, solar, gas","Next question, hon. Osman Mahomed! SIGNAL MOUNTAIN - HEALTH TRACK - SOLAR STREET LIGHTING SYSTEM (No. B/86) Mr O. Mahomed (Third Member for Port Louis South & Port Louis Central) asked the Minister of Environment, Sustainable Development and Disaster and Beach Management whether, in regard to the project for the installation of the Solar Street Lighting System along the Health Track on the Signal Mountain approved for funding by the Maurice Ile Durable Fund, he will state where matters stand, indicating the time frame for the commissioning thereof.",QUATRE BORNES – SEWERAGE PROJECT,"CEB - ST LOUIS POWER STATION PROJECT - CONTRACT (No. B/99) Mr B. Jahangeer (Third Member for Rivière des Anguilles & Souillac) asked the Vice-Prime Minister, Minister of Energy and Public Utilities whether, in regard to the Redevelopment of the St Louis Power Station Project for the Design, Supply, Installation and Commissioning of 4 x 15 MW Diesel Generating Set, he will, for the benefit of the House, obtain from the Central Electricity Board, information as to if it had been instructed to start negotiations with Burmeister & Wain Scandinavian Contractors, albeit their bid had been rejected by the Central Procurement Board for non-compliance, indicating the number of contracts the CEB has awarded thereto over the past ten years, indicating in each case – (a) the contract value thereof (b) the local partner thereof, and (c) if they had manufactured the equipment supplied."
31,1352,0.4393,,"madam, information, speaker, chairperson, have, am, member, will, not, it","Madam Speaker, therefore, the first mention was of Rs200 m. Then I heard - because now you can’t say I didn’t say that – the Sergeant - not Sergeant-in-Chief – now in charge of the Press Office saying that he had talked to Police Officer Jangi and he had been told “li paret ki ena plis ki R 200 millions”. En direct! Then that figure was – by the same Police Officer, now Press Officer – said to be between Rs450 m. to Rs500 m. That was yesterday and today it has climbed up, according to the same Police Officer, to Rs800 m. when, in fact, they have already started counting the money.",Can we know whether the close relatives of Mrs N. S. were granted the same facilities at the VIP Lounge?,"I don’t have the information, Mr Deputy Speaker, Sir."
64,1316,0.529,,"question, answer, your, yes, you, answered, asking, ask, am, put","Yes, let me come to my question. You should give me some time to come to my question.",The question is longer than the answer!,This answers my question. I have no further question.
37,1303,0.4574,,"equipment, item, acquisition, system, maintenance, provision, chairperson, software, project, for","I need notice of this question, but just to tell you that the equipment that we have; they are functioning as per our requirements.",CENTRAL PROCUREMENT BOARD - TECHNICAL COMMITTEE - COMPOSITION,I believe it also includes the acquisition of equipment.
24,1295,0.2537,,"page, move, pages, uteem, hon, we, ramful, yes, item, minutes","If you have got two or three more pages, then it is better to circulate.","It is page 18, item 22180.","Yes, but which page, please?"
21,1256,0.912,,"fishing, fisheries, fish, marine, vessel, fishers, fishermen, shipping, vessels, ocean","Mr Deputy Speaker, Sir, if we refer to the last part of my question, it deals with cancelling of those licences. I have heard the Deputy Prime Minister saying that objection has come from the Ministry of Fisheries. Do we understand that there is no clearcut policy from Government with regard to the use of jet ski and sea karts.","There is certainly a clear-cut policy with regard to jet ski. The Ministry of Fisheries has advised that it is no longer in favour of operation of jet ski in Mauritian waters. That is clear. Now the first two licences were suspended because they have violated the conditions imposed by the Ministry of Fisheries which had inspected them before the general elections, in fact, but they were suspended after the election. There remains a third operator which is in Black River which has not been suspended because they have not got any adverse report, so far. However, in view of the advice given and the opinion of the Ministry of Fisheries concerning operation of water ski, that file has been sent to the State Law Office for advice or for further action. In any case, it comes up for renewal in May. I must say that, as a matter of substance and also in form, I am against what has happened. Substance, I believe that the jet skis are not appropriate for the environment conditions in Mauritius. In form in that these licences were issued, they were issued in total secrecy, without any transparency at all.","The hon. Member should not put words in my mouth. I said that it is being reviewed in the light of the letter from the Ministry of Fisheries and once the review happens and with the help of the State Law Office, we will take a decision as to whether or not to renew the licence at Black River."
42,1241,0.7004,,"police, commissioner, defence, minister, officers, obtain, prisons, regard, home, asked","Madam Speaker, can I ask the Rt. hon. Prime Minister if he can request the Commissioner of Police to convey to the family of the deceased person any progress of the enquiry so that they are reassured that the enquiry is being done because up to now the Police has not communicated any information to the deceased person’s family.","Well, the members of the family should try to get the information from the Commissioner of Police. MINISTRIES - ADVISERS/PRESS ATTACHÉS – APPOINTMENT","asked the Rt. hon. Prime Minister, Minister of Defence, Home Affairs, Minister for Rodrigues and National Development Unit whether, in regard to late Mr A. K. R., who passed away while in Police custody, on or about 30 July 2011, at the Rivière du Rempart Police Station, he will, for the benefit of the House, obtain from the Commissioner of Police, information as to if the inquiry thereof has been reopened and, if so, indicate where matters stand."
96,1174,0.5909,,"court, case, cases, supreme, law, is, that, there, it, not",Will be barred?,"The perfect term to describe the situation is: ‘Braderie des terres de l’État!’ Madam Speaker, many cases have been referred to the State Law Office to seek advice for corrective action. The Land Fraud Squad of the Police is already inquiring into 7 test cases. My Ministry has decided to appoint a full-time lawyer for the first time, telma ena volers, fine coquin, who will assist us in examining all the files where procedures have not been respected. It will take me at least six months to clean the mess created by the previous Government in my Ministry. I can say that hundreds of cases are still waiting for legal clearance, to be referred for Police inquiry! I can go on and on about many cases where people who share personal and political ties with the former Government have been granted lease over State land, but time will not allow me to do that. Madam Speaker, recently the State has taken possession of 58 arpents of land allocated to Neotown project. The promoter did not fulfill its contract obligations since 2009. Even in the case of Jin Fei, where 500 arpents are concerned, transfer to Jin Fei to Jin Jin, from Jin Jin to Sin Jin, and now Government has taken it.","I am not aware of this, Madam Speaker. But, if there is any decision to prosecute, the DPP is free to do that."
187,1151,0.5307,,"mauritius, thereof, of, minister, regard, the, information, ltd, whether, and","Thank you, Madam Speaker. Could I ask the Rt. hon. Prime Minister, since before the 10th of December of 2014, we have all in Mauritius heard the Rt. hon. Prime Minister before then, gave information that, at some stage, he was aware of the intricacies of the case of Roches Noires in relation to the death of the person referred to in question (c) (iii), whether since he seemed to be aware and made statements to that effect, when does he intend to give a statement to the Police to share that important information, because we need justice to be done and if he does not intend to do so, maybe he could tell us how he could communicate that information to the Police and when he would do it?","PARASTATAL BODIES - VACANCIES (No. B/14) Mr S. Mohamed (First Member for Port Louis Maritime & Port Louis East) asked the Rt. hon. Prime Minister, Minister of Defence, Home Affairs, Minister for Rodrigues and National Development Unit whether, in regard to parastatal bodies and other institutions where the State is a majority shareholder he will state the vacancies thereof that will – (a) be advertised, and (b) not be advertised, indicating the reasons therefor.","May I know from the hon. Minister whether any meeting of the joint working committee comprising of officers of Mauritius and India has been scheduled and if so, when?"
52,1119,0.678,,"building, buildings, works, renovation, construction, item, upgrading, project, heritage, maintenance","The hon. Minister mentioned that the building will take one year, may I know from the hon. Minister what action will be taken, if any, with regard to these hawkers now operating in Port Louis during that one year?","Thank you, Madam Speaker. Since Government raised the issue of a plan Marshall - I think it was during the celebration of the 1st of February - can Government give a guarantee to the House that they will include construction or reconstruction of such houses in that plan Marshall?","Well, I must say, it has been difficult for me to find out all the information about this process. I am still looking into it, but, as at now, from what I know, I have been informed that there has been no agreement as such. But I can tell the House that I am looking into the matter and trying to get more information. Of course, what I have said today, if there is any rectification to be made, I will definitely come to the House for that. CHEBEL & BARKLY – HOUSES - CONSTRUCTION (No. B/36) Mr R. Bhagwan (First Member for Beau Bassin & Petite Rivière) asked the Vice-Prime Minister, Minister of Housing and Lands whether, in regard to the construction of houses at Chebel and Barkly, Beau Bassin, he will state – (a) the number thereof as at todate under construction, giving details of the - (i) commencement date thereof, and (ii) expected date of completion thereof (b) if proper drainage and amenities thereof have been provided therefor and (c) the criteria that will be used for the allocation thereof."
44,1113,0.8257,,"child, children, care, shelter, family, ministry, welfare, equality, gender, childrens","Well, if she was accompanied by her relatives, I am sure they must all have been granted. I don’t have a list of facilities granted to families.","I am glad - if I heard correctly - I heard the Rt. hon. Prime Minister say that he will consider amending the law as per what prevails already in UK, etc. I understand that, apart from going before the National Human Rights Commission, the families of the persons concerned are thinking or are going to the Privy Council à leurs frais, and I am sure lot of us would help. Can I know from the hon. Prime Minister if assistance is sought from those families, if they go ahead with assistance before coming to help them before the Privy Council, not to pay for this or that but to help them to get the Privy Council to hear that case as soon as possible?","Madam Speaker, 18 families were initially found squatting at Military Road along the Ring Road Phase 3 alignment. In 2011, it was decided that they be relocated in the vicinity outside the limits of the Ring Road. Lease agreements were drawn in respect of 14 of these 18 families. The remaining four families have, unfortunately, not shown any interest in securing a lease agreement and they have not submitted relevant documents so far. The National Empowerment Foundation (NEF) was requested, in January 2012, to assist the squatters who qualify for support under the relevant scheme operated by the Foundation. In 2014, the NEF informed that, because of the topography of the site, the cost of infrastructural works on the site would be excessively high. The NEF, therefore, requested that an alternative site be identified for the relocation of the squatters. My Ministry has identified another plot of State land near the Cité Martial market fair, behind “Islamic Centre for Disabled Children’’ for the relocation exercise. Planning-wise, the site has been found to be suitable for residential development. The families concerned were informed about the new site and they are agreeable to be relocated there. I have personally met the families in my office on 29 January 2015 to explain to them the arrangements being made for their relocation. A Coordination Committee with all relevant stakeholders has been set up under my Chairmanship to monitor the implementation of the project. It has been found that a geotechnical investigation of the site should be carried out to determine whether soil conditions are appropriate for the proposed residential project. In this connection, a request has already been made to the NEF. If the geotechnical investigation shows that the site is suitable, infrastructural works would start. Thereafter, individual leases would be drawn up for the beneficiaries."
54,1091,0.4189,,"increase, item, chairperson, increased, year, why, there, page, thank, provision","I am talking about 15,000 jobs a year. I am sorry. I am talking about statistics. Go to the Labour statistics. Go to the Employment statistics, for the past 10 years the jobs that have been created on a yearly basis, have been an average 13,000 to 14,000 to even sometimes 15,000 jobs a year. That has been the trend and those are the figures of the Central Statistical Office. Those are the figures that I, myself, was not aware of, but I had the honour and privilege to learn it from one Minister of Finance, who was hon. Xavier-Luc Duval. He showed me that is the number of jobs we are creating. He was right when he put it. We have to create more. Hon. Bodha was right, 3% is not enough, we have to go for more and even reach double-digit growth. That indeed will be a miracle. But, what I am saying here is that 15,000 jobs a year will not be sufficient because we are actually doing approximately that every year. When I came into office in 2010, the unemployment figure was about 8.3%. When we came into power in 2005, the unemployment rate was 9.5%. When I left in December 2014, the hon. Minister of Labour, Mr Deputy Speaker Sir, rightly said it and I use his own figure, it was only 7.8%. So, we’ve managed to bring it down from 8.3% to 7.8% and the third quarter of 2014 was 7.6%. But, we’ve brought it to an average of 7.8% for 2014 from 8.3% in 2010 by having created precisely 13,000 to 15,000 jobs a year. So, what I am trying to get at here, yes, there is the need to create jobs. Yes, there is a need to ensure that lots of our youngsters find jobs. Yes, there is a need to train people. I am happy that under the now portfolio of the hon. Minister, you have the issue of training. I, now, make a prayer to the Rt. hon. Prime Minister, forgive me it is another one. It is only in the interest of the country that not only must he be the Minister of Training - without manquer de respecter à qui que ce soit - he should not only be the Minister of training with HRDC not attached to him. He cannot be the Minister of Training, if he does not have MITD not attached with him. He has to be the Minister of Training with all the possibilities of training people who are unemployed. Because then he will be in a situation where he will identify those scarcity sectors, those are the people I will train under one umbrella. I will be able to ensure that everyone obtains the training that is required and we will be able to forecast what are the required skills for the next five years or ten years. That is a way which is a serious way of addressing the problem of unemployment. I did not have the possibility of having those portfolios. It was split. You had one with the Minister of Finance, you had one with the NEF, you had some with the Ministry of Education and that does not help. So, we, in the interest of the country, what I am saying here is to give the opportunity to this young, dynamic Minister of Labour. What I am saying here is that we should be given the opportunity and whoever else is Minister of Labour, that he can connect. We use Singapore as an example. Let us use good examples. The Ministry of Manpower in Singapore, they don’t call it Labour, they call it Manpower because it also has Training underneath it. So, that is what I am trying to get at. The second issue is about unemployment because it is something that has to be addressed. I appreciate the honesty of the hon. Minister. He said in his address that we have to ensure that we are going with a lot of bilateral agreements with other countries. Bilateral agreements with other countries and just before he said that, we had another orator from the Government side, hon. Gobin who basically said: ‘oh, well the hon.Minister Mohamed was sending people abroad and too many are being sent abroad to work’. We never sent people abroad to migrate. That is the difference. We sent people abroad for circular migration and circular migration is all about labour mobility. And, it is precisely what the now Minister of Labour is talking about; signing of agreements to ensure that the programme of circular migration and labour mobility continues. That is what he was talking about. This is exactly what I was doing and what he is talking about. I had an opportunity of talking to the Minister of Finance, hon. Lutchmeenaraidoo and he is totally in agreement that we should try to send people abroad and see how they could go and get more experience, earn more money in terms of foreign exchange, send more foreign exchange to Mauritius, bring to Mauritius when they return their expertise and the skills that they have learnt. But when we talk in the Programme of 5,000 people being sent to work sur les cruise ships, that is not possible. I tell you, Mr Deputy Speaker, Sir, why it is not possible. I’m being very honest. It is impossible for this country, as it is right now, to train 5,000 people to be qualified to go and work on a cruise ship in one year. Let alone 500. The Naval Academy of this country does not have the capacity to train more than 500 in a year. Let me go further, not even 300. They can train in three months: 50. And what is this figure? It’s nothing. In other words, what I do propose is, at least, to bring in people who are in the field, other countries like in Greece, for example, other countries where there are mariners, that are really strong in cruise ships businesses like in the Philippines where those people can train and get the right certification, British approved within a period of two weeks whereas in Mauritius some say we need three months. Either we want to ensure that our youngsters can obtain good jobs by giving them the right training, but unfortunately, once again, Mr Deputy Speaker, Sir, that trainee, the Naval Academy was under the Ministry of Public Infrastructure. Maybe now, it is under hon. Koonjoo. But if that is the case, it does not make sense in my humble view. If it is a Training Academy, it should be with the Minister that has the portfolio for training. That will, therefore, put more order in the whole process. Unemployment goes with training. It should go together. Mr Deputy Speaker, Sir, when people want change as I have said - if everything is done right as far as this programme is concerned then there is an opportunity which does not come again for people at the level of the MHC, at the level of the Bank of Mauritius, at the level of the State Investment Corporation, at the level of the Road Development Authority, the MPCB, the DBM, MSC and all the other parastatals, it is to do exactly what is proposed at paragraph nine of the Programme. I am not inventing it, you suggested it. I said you are right in having made the suggestion. I said that your programme is excellent. But, it can only start working if you do not violate the very beginning of it. All the rest will become a mess and the puzzle will not come together, if the beginning itself starts wrongly. So, there is an opportunity to correct all that at the very outset. You are at the beginning of your mandate. Try to correct it. When we talk about change …","ANNEX TO THE BUDGET SPEECH 2015-2016 BUDGET MEASURES EXPLANATORY NOTES AND MAIN PROVISIONS TO BE INCLUDED IN THE FINANCE BILL PART A: TAXATION AND PUBLIC FINANCE Personal Income Tax  Income Exemption Thresholds Increase in the income exemption thresholds by Rs10,000 for income year 1st July 2015 to 30th June 2016 as follows: From To Rs275,000 Rs285,000 Individual with no dependent Rs385,000 Rs395,000 Individual with one dependent Rs445,000 Rs455,000 Individual with two dependents Rs485,000 Rs495,000 Individual with three or more dependents Rs325,000 Rs335,000 Retired/disabled person with no dependent Rs435,000 Rs445,000 Retired/disabled person with dependents  Additional Deduction for Tertiary Education The additional deduction in respect of a dependent child who is pursuing tertiary studies is being raised as follows: from Rs125,000 to Rs135,000, if abroad; and from Rs80,000 to Rs135,000, if in Mauritius. The deduction which can be claimed for up to three consecutive years of an undergraduate course will now be available for the first 6 years of study.  Interest Relief Interest paid in a year on a secured housing loan contracted by a first-time home-owner is allowed as a deduction from taxable income, up to an amount of Rs120,000 (both for a single person or a couple) and for 5 consecutive years only. Two measures are being taken: The 5-year time limit is being removed; and o The ceiling of Rs120,000 is also being removed. o As a result, as from 1st July 2015, a first-time home-owner will be able to deduct from his taxable income the full amount of interest paid on such loans over the years.  Lump Sum Income Currently, the first Rs1.5 million of the lump sum received as commutation of pension, retiring allowance or severance allowance is exempt from income tax. The exempt income threshold will be raised from Rs1.5 million to Rs2 million, with effect as from 1st July 2015.  Donation of Basic Retirement Pension (BRP) Any person who elects to donate his Basic Retirement Pension (BRP) in full to an approved charitable institution or an approved Foundation will be exempt from income tax thereon. The National Pensions Act will also be amended. Taxes and Levies under Income Tax Act  Solidarity Levy on Telephony Service Providers The Solidarity levy on telephony service providers [5% of book profit + 1.5% of turnover] which was introduced in 2009 and subsequently extended will be further extended up to June 2018.  Special Levy on Banks The Special Levy on Banks is currently 10% of chargeable income for segment A banking business and 3.4% on book profit and 1% on operating income for segment B banking business. This current formula which is scheduled to last until this year will be maintained up to June 2018.  Alternative Minimum Tax An Alternative Minimum Tax (AMT) of the lesser of 7.5% of adjusted book profit or 10% of any dividend declared is payable by a company if the computed tax liability is below that minimum amount. The AMT was suspended for manufacturing and hotel companies for fiscal years 2013 and 2014, mainly to allow those companies to benefit fully from accelerated annual allowances. The AMT will now be removed for all sectors. Alignment of Tax Year with Government New Financial Year  Submission of Personal Income Tax Returns With the alignment of the tax year (which is currently on a calendar year basis) with the new financial year of Government, i.e. from 1st July to 30th June, there will be exceptionally during the year 2015 two income tax returns to be submitted by individuals: the first one will be the normal income tax return to be submitted by 31st o March/15th April 2015; and the second one to be submitted by 30th September/15th October 2015 covering the o 6 months period from January to June 2015. Thereafter, submission of income tax returns will be done annually by 30th September/15th October.  Income Tax Thresholds and Deductions/Reliefs The adjusted exemption thresholds and other deductions/reliefs allowable in respect of income derived during the 6 months period (1st January to 30th June 2015) will be as follows: Deductions Adjustment  Income exemption thresholds Amount of thresholds will be halved. Amount of deduction will be halved.  Additional exemption in respect The 6 months period will not be of dependent child pursuing taken into account when applying the undergraduate course time limit of 6 years. The monetary ceilings will be  Relief for medical or health halved. insurance premium Relief will be granted in respect of  Interest relief on secured housing the actual amount of premium or loan interest paid for the 6 months period, subject to the above ceiling. Employers will be required to issue the Statement of Emoluments and Tax Deduction for the 6 months period not later than 15th August 2015.  Corporate Income Tax Returns Corporates will continue to submit their tax returns 6 months following the end of their accounting period. However, representations have been received to give additional time to companies having accounting year ending 30th June and submitting their returns by end of December. Accordingly, those companies will be allowed, at their option, to pay the tax due in the last quarter based on an additional APS return. Any adjustment based on their audited financial statements will be effected before 31st January.  Date Limit for Submission of Tax Returns The latest date for submission of tax returns will be 2 working days before the end of the financial year (30th June), as is presently the case. Small Enterprises (turnover of not more than Rs10 million)  SMEs Registered with the New SMEDA Any small company registered with the new SMEDA after 1st June 2015 will benefit from the following fiscal incentives: exemption from payment of corporate income tax for the first 8 years; o exemption from the requirement to operate tax withholding under Tax Deduction o at Source (TDS) for the first 8 years (Withholding under PAYE will still be required, if applicable); and exemption from submission of financial statements and annual returns to the o Registrar of Companies for the first 8 years.  VAT Registration The compulsory VAT registration threshold is being raised from a turnover amount of Rs4 million to Rs6 million.  Advance Payment System (APS) Returns Companies having turnover not exceeding Rs4 million are currently exempted from the requirement to submit quarterly corporate tax returns under the Advance Payment System (APS). This turnover threshold is being raised from Rs4 million to Rs10 million. As a result, all small enterprises will no longer be subject to the APS.  Company Annual Fees The annual fee payable to the Registrar of Companies by a small private company will be reduced from Rs2,500 to Rs500.  Annual Return to Registrar of Companies There will be no obligation on a small private company to file an annual return to the Registrar of Companies except if there has been a change in shareholding or in the composition of the board of directors or other particulars.  Simplified Financial Statements The Companies Act will be amended to allow filing of financial statements prepared on a cash basis by small private companies. No balance sheet will be required to be submitted.  Simplified Income Tax System A Simplified Tax System will be introduced to facilitate small enterprises to comply with their legal requirements as regards keeping of records and filing of income tax and VAT returns. Its main features will be as follows: It will be on a “cash” basis instead of “accrual” basis. o No balance sheet will be required and instead only 6 items of information would o be required. A simplified system for computing CSR and annual allowances will be applied. o The cash-based system will considerably reduce record keeping requirements and o simplify accounting by small businesses. Practice notes will be issued by the MRA on the records to be kept and the o standard formats. Small enterprises (i.e., enterprises with turnover not exceeding Rs10 million) will be given the option to join the Simplified Income Tax system.  VAT Cash Accounting Scheme Similarly, a simplified VAT system for small enterprises will be introduced. Promotion of Green and Sustainable Development  Accelerated Income Tax Depreciation Provision for Green Investment: Exceptional accelerated annual allowances were introduced in 2013 in respect of: landscaping and other earth works for embellishment purposes (50% straight o line); and Green technology equipment (50% straight line). o green technology equipment is defined as capital expenditure (excluding passenger car) on renewable energy, desalination plant, composting equipment, pollution control equipment, water efficient plant, energy efficient equipment, etc. These exceptional provisions which have lapsed on 31st December 2014 are being reintroduced and made permanent.  Solar Energy Investment Allowance: A household investing in his own solar energy unit will be allowed to deduct from his taxable income the total amount invested in such a unit, including photovoltaic kits and battery for storage of electricity.  Exemption from Land Conversion Tax: Renewable energy projects such as solar farms, agri-solar farms and biomass projects require large extents of land and that is why agricultural lands put to that use are exempted from Land Conversion Tax. However, if the project promoter and investor is not the owner of the land he is not being able to benefit from that tax incentive even if he holds a long-term lease over the land. The Sugar Industry Efficiency Act will accordingly be amended to allow a lessee to apply for a land conversion permit and benefit from any tax exemption applicable to his project.  P.E.T. Bottles In the 2014 Budget, a graduated Refund Scheme of the Rs2 duty on each P.E.T bottle was introduced with a view to promoting collection of used plastic P.E.T bottles for export, thus removing them from our waste stream. The scheme is being re-engineered to encourage SMEs to engage in such recycling activities. Government will now pay a flat rate of Rs5 per kg of used P.E.T bottles whenever the enterprise has exported or locally recycled at least 1 ton against the current threshold of 1,000 tonnes annually and a rate of Rs15 per kg. Ocean Economy  Bunkering: The MID levy of 30 cents per litre is currently levied on petroleum products (including fuel oil and aviation spirit) that are used for local consumption and for re- export as bunker fuel. In the context of our bunkering development project, the MID levy will be removed as from 1st July 2015 on all petroleum products that are re-exported.  Petroleum Exploration: VAT exemption on machinery and equipment used in the exploration and production of petroleum products.  Deep Ocean Water Applications: VAT zero-rating of chilled deep sea-water to be used for the provision of air conditioning services, as is presently the case of water supplied by Central Water Authority and electricity supplied by the Central Electricity Board. Consumer Protection  Consumer Price Inclusive of Tax The Consumer Protection Act will be amended to make it mandatory for the full price to be charged to a consumer to be displayed or advertised TTC (“Toutes Taxes Comprises”) without ambiguity. Thus, where a product or a service is subject to VAT, the price should be VAT-inclusive. Failure to do so will be an offence and will attract high penalty. Levy on SMS and MMS  The Value Added Tax Act will be amended to provide for abolition of the 10 cents levy per message on SMS and MMS, with effect from 1 July 2015. Customs Tariff  Iron Bars: Lowering of the rate of customs duty as from 1st July 2015 on iron bars from 15% to 10% to bring in greater competition and less uneven playing-field on this sensitive market in view of the preferential tariffs enjoyed by some sources of import under preferential trade agreements. Gambling Licences and Taxes  The taxation system on gambling, gaming and betting (covering licence fees, fixed betting duties and betting taxes) will be simplified, streamlined and adjusted as per table below. Licence Fees, Fixed Betting Duties, Betting and Gaming Taxes Annual Licence Fee Betting Tax Activities From To From To CATEGORY 1: CASINO Rs 3.5 million Rs 3.5 million 15% of gross takings 15% of gross takings + + Casino Rs 125,000 per Rs 125,000 per 35% of gross takings 35% of gross takings gaming machine gaming machine (gaming machine) (gaming machine) CATEGORY 2: GAMING HOUSE ""A"" Rs 3.5 million Rs 3.5 million 15% of gross takings 30% of gross takings + + Gaming House ""A"" in Mauritius Rs 125,000 per Rs 125,000 per 35% of gross takings 35% of gross takings gaming machine gaming machine (gaming machine) (gaming machine) Rs 500,000 Rs 1 million 15% of gross takings 30% of gross takings + + Gaming House ""A"" in Rodrigues Rs 20,000 per Rs 50,000 per 35% of gross takings 35% of gross takings machine machine (gaming machine) (gaming machine) CATEGORY 3: HORSE-RACING Bookmaker conducting fixed odds betting on local race : 10% of gross stakes 10% of gross stakes + (a) at the racecourse Rs 350,000 Rs 1 million Fixed duty of (Fixed duty Rs 16,000/24,000 abolished) per race meeting 10% of gross stakes 20% of gross stakes + (b) outside the racecourse Rs 350,000 Rs 3.5 million Fixed duty of (Fixed duty Rs 16,000 per race abolished) meeting Rs 350,000 per Rs 3. 5 million per principal place of principal place of 10% of gross stakes 20% of gross stakes business business + (c) through remote communication + + Fixed duty of (Fixed duty Rs 40,000 per Rs 40,000 per Rs 24,000 per race abolished) additional place of additional place of meeting business/facility business/facility Totalisator Operator: (a) at the racecourse Rs 100,000 Rs 1 million Rs 10,000 at each Rs 40,000 at each (b) outside the racecourse place of business place of business Rs 40,000 in respect Rs 40,000 in respect of the principal of the principal place of business place of business (c) conducting bets through remote + + Win and place 10% communication Rs 10,000 in respect Rs 40,000 in respect 20% of gross stakes of each place at of each place at Other 12% which facilities are which facilities are provided provided (d) conducting local race inter- Rs 350,000 Rs 3.5 million totalisator betting (e) conducting foreign race inter- Rs 350,000 Rs 3.5 million totalisator betting (f) per terminal Rs 10,000 Rs 40,000 Horse-racing organiser Rs 1 million Rs 1 million N/A N/A Annual Licence Fee Betting Tax Activities From To From To CATEGORY 4: ON ANY EVENT (INCLUDING FOOTBALL) Rs 350,000 per Rs 3.5 million per 10% of gross stakes principal place of principal place of + 20% of gross stakes business business Fixed duty of Bookmaker conducting fixed odds + + Rs 24,000 per week betting on any event or contingency (Fixed duty Rs 20,000 in respect Rs 40,000 in respect per place of abolished) of additional place of additional place business of business of business CATEGORY 5: MAURITIUS NATIONAL LOTTERY Operator of Mauritius National 46.16% on Net 46.16% on Net Rs 500,000 Rs 5 million Lottery Proceeds Proceeds CATEGORY 6: MISCELLANEOUS Sweepstake organiser Rs 37,500 Rs 15,000 10% of gross stakes 10% of gross stakes 12% of gross 12% of gross Local pool promoter Rs 15,000 Rs 15,000 proceeds proceeds Agent of a foreign pool promoter Rs 37,500 Rs 15,000 12% of gross stakes 12% of gross stakes Higher of Rs 5,000 Lottery under Part XVII of the or 35% of the total Rs 15,000 N/A N/A Gambling Regulatory Authority Act market value of prizes Rs 30,000 per dart Operator of dart games Rs 15,000 N/A N/A board Ad hoc licence Rs 20,000 per day Rs 15,000 per day N/A N/A Gaming House ""B"" Rs 50,000 Rs 15,000 N/A N/A Rs 10,000 for Rs 15,000 for Higher of Rs 500,000 Higher of Rs 500,000 operator operator or 10% of gross or 10% of gross Limited Payout Machine + + takings per takings per Rs 5,000 per Rs 10,000 per machine payable machine payable machine machine on a monthly basis on a monthly basis Collector Rs 190 Rs 190 N/A N/A Excise Duty  Disabled Persons: The concessionary rate of excise duty on purchase of a motor car, which is currently granted to a parent of a disabled minor, will be extended so that a parent of a disabled person (impaired mobility), whether the latter is a minor or not, will be eligible for the concession. Motor Vehicles  Unlicensed Agents: Representations have been received regarding ‘individual agents/importers of second hand motor vehicles who are unlicensed and causing unfair competition on the market. The issue of regulation and licensing of such agents will be looked into by the Ministry of Industry, Commerce and Consumer Protection.  Unfair VAT Competition: The Tenth Schedule to the VAT Act will be amended to provide that any person acting as agent in the importation of second hand motor cars to be compulsorily VAT registered.  Radiation Certificate: The obligation for an importer of a second-hand car from Japan to furnish a Radiation Certificate which was introduced in 2011 in the wake of the Fujiyama nuclear accident will be abolished.  CO Levy/Rebate Scheme: Presently, the CO emission threshold used for determining 2 2 the Levy or Rebate chargeable is computed by the average of the CO emission for new motor cars imported during the previous year. This threshold is currently set at 150 g/km. That provision in the Excise Act will be reviewed to provide for the fixing of the threshold by way of Regulations. Residential Property  Registration Duty: A first-time buyer of residential bare land is currently exempted from payment of registration duty only if the value of the land to be acquired does not exceed Rs1 million. The threshold value will be raised to Rs1.5 million.  Construction of Housing Estate Scheme: The Income Tax Act as well as the Land (Duties and Taxes) Act and the Registration Duty Act will be amended to extend to June 2018 the Construction of Housing Estate Scheme targeting middle-income households which was introduced in 2012 and is lapsing this year. Under that Scheme, a housing estate construction project with at least 5 units for which the selling price per unit does not exceed Rs4 million is exempted from payment of land transfer tax.  VAT Refund Scheme on Residential Building: Likewise, the VAT Act will be amended to extend the duration of the VAT Refund Scheme for middle income households (in respect of construction or acquisition of a new residential unit by a household with monthly income not exceeding Rs50,000) to June 2018. Miscellaneous Tax Measures  Interest Income: Interest received by a non-resident company from debentures quoted on the stock exchange will be exempted from income tax.  Accelerated Depreciation for Manufacturing: The Income Tax Act will provide for an extension of the Accelerated Annual Allowances for 3 more years up to 30th June 2018, in respect of the following investment: - equipment costing Rs50,000 or less (100%, i.e. fully expensed); - industrial premises dedicated to manufacturing (30% reducing balance); - electronic and high-precision machinery including computer hardware and software (50% straight line); - plant and machinery (other than passenger car) by a manufacturing company (50% straight line); and - scientific research (50% straight line).  VAT on Health Services The VAT Act is being amended to clarify that the exemption from VAT on construction of a purpose-built building for health services also covers nursing homes under the Private Health Institutions Act and residential care homes under the Residential Care Homes Act.  Advertising Structure Fee: With a view to increasing compliance, in case an advertising structure has not been registered with MRA, the owner will be liable to a penalty equivalent to 50% the amount of the fee payable. Tax Administration: General  30% Payment on Objection: The amount payable by a person dissatisfied with a tax assessment made by the MRA or by the Registrar-General’s Department prior to lodging an objection will be reduced from 30% of the amount assessed to 10%.  Expeditious Dispute Resolution of Tax Scheme (EDRTS): The EDRTS operated by MRA will be renewed for another year. The EDRTS allows MRA to review the assessed amount (including penalties) claimed from a taxpayer who could not lodge an objection, principally because of his inability or failure to pay the 30% of the amount assessed.  Arrears Payment Scheme: That Scheme under the Registrar-General’s Department is also being renewed for another year. The Arrears Payment Scheme will allow a debtor of the Registrar-General’s Department to settle any amount due as at 23 March 2015 free of penalty provided payment is made on or before 31 January 2016.  Interest Rate: Interest rate for late payment of taxes to the MRA which is 1% per month over 12 months (i.e. 12%) will be reduced to 0.5% per month (i.e., 6% in a year).  Penalty Clauses for SMEs Penalty clauses for a small business will be adjusted to their specific income profile and their capacity to pay: In case of late submission/non submission of Income Tax return, the maximum o amount of penalty will be reduced from Rs20,000 to Rs5,000 For late payment of taxes to MRA, the rate of penalty will be reduced from 5% of o the amount due to 2%  Confidentiality Provisions: In order for Mauritius to be able to sign the Multilateral Convention on Mutual Administrative Assistance in Tax Matters developed jointly by the OECD and the Council of Europe, the derogation from the confidentiality provision in the Income Tax Act will be amended to cover exchange of information in respect of all the taxes falling under the purview of the Convention.  Notice of Decisions of the Assessment Review Committee (ARC): Where an agreement or a decision is reached before the ARC, it will now be compulsory for the MRA and the Registrar-General’s Department to issue to the taxpayer, within 5 working days of the decision date, a written notice specifying the amount of duty or tax payable and the date limit payable.  Notice of Inscription: Amendments will be made to provide for MRA and the Registrar- General’s Department to give written notice to a debtor, within 5 working days, when a privilege is being inscribed on his immovable property as well as when it is erased subsequently.  MRA Board: The Mauritius Revenue Authority Act will be amended to enable the Board to be involved in the processes and other matters relating to the application or execution of revenue laws. They will however still not have access to information on individual tax cases. The aim is to improve the system of checks and balances on the operation of the Authority Tax Administration: Income Tax  Tax Deduction at Source (TDS) The requirement to operate Tax Deduction at Source (TDS) will not apply to a company whose annual turnover does not exceed Rs6 million.  Large Company Statement: All companies with an annual turnover exceeding Rs100 million will be required to submit every year to the MRA an electronic Statement giving the details on payments made during the year in excess of Rs100,000 for purchase of goods and services as well as on their recipients Tax Administration: VAT  Withholding of VAT: With a view to increasing VAT compliance, Ministries, Government departments, local authorities, statutory bodies and the Rodrigues Regional Assembly will remit directly to MRA a percentage of VAT to be paid on contracts exceeding Rs300,000. The VAT registered contractor will make necessary adjustments regarding input tax and output tax in his VAT return.  Other Amendments to VAT The other amendments to the VAT Act will be as follows: It will be clarified that the time limit for repayment of VAT by the MRA should o begin only on submission of the relevant receipts for the claim for repayment. It is being clarified that VAT recovery, through instruments such as an attachment o order and inscribed privilege, will be limited to VAT amount unpaid instead of the whole amount payable. Tax Administration: Excise Duty  “Cordial”: The definition of “cordial” will be amended to specify that one litre of cordial should contain at least 90 grams of sugar.  Aged and Premium Quality Rum: The evaporation rate allowable by MRA for the purpose of duty computation will o be raised from 1 per cent to up to 2 per cent to cater for more sophisticated methods of ageing such as in wooden casks for production of premium quality rum. In addition, the maximum alcoholic strength of aged rum will be increased from o 50 to 55 degrees to be at par with international standards and also to cater for increasing demand from tourists.  Bio-Fuel: Excise Regulations will be amended to enable utilisation of residual of alcohol (heads and tails) locally as bio-fuel in adapted boilers and remove a barrier to export.  Bank Guarantee: Security in the form of bank guarantee for the purposes of ensuring payment of excise duty payable on excisable goods manufactured in Mauritius will be replaced by bond, as is the case under customs laws. Tax Administration: Customs The Customs Act will be amended to - introduce a 5% penalty on late payment of customs duty and excise duty, as is the o case in other revenue laws; allow an aggrieved person who makes an objection after the prescribed time limit o the right to appeal to the Assessment Review Committee; introduce a de minimis clause whereby no claim for refund or refund of customs o duty and excise duty will be made if the amount is less that Rs250; clarify that abandoned goods that have gone through the process of auction but o have not fetched a sufficient price to cover duties and taxes may be destroyed or donated to a charitable institution approved by MRA or to a government agency; empower the Director-General of MRA to suspend, on his own initiative, o clearance of goods suspected to be counterfeit for 3 working days and inform the owner or authorized user accordingly; streamline and automate the warehousing process of goods with a view to o facilitating trade, reducing cost and optimising the use of risk management in line with the Revised Kyoto Convention best practices. Consultations have been held with stakeholders and the new procedure will be as follows: - the manual ledger system which records goods entering and leaving the warehouse will be replaced by a computerised system; - the proprietor or occupier of the warehouse will now be responsible to record the itemised transactions in the computerised system; and - MRA (Customs) will carry out physical inspection on a risk management basis; allow the Director-General to scan a passenger travel documents including o passport or laissez-passer and tickets to enable expeditious completion of customs formalities, including payment of taxes on dutiable goods; introduce a new scheme to allow deferred payment of duties and taxes at import o by one month, except for the month of June (i.e. end of Financial Year) where balance of all taxes and duties has to be settled. The scheme will be open to SMEs registered with the SMEDA and other VAT-registered persons who are compliant with revenue laws; and provide for an enabling clause so as to prescribe the functions and duties of a o freight forwarder, a customs broker and a customs agent. Tax Administration: Registrar-General’s Department  E-Registration: Amendments will be brought to relevant enactments in order to enable at the level of the Registrar-General’s Department: online submission of documents; o e-registration; and o e-payment. o  Time Limit and Silent Agreement: Provision will be made for an objection lodged against an assessment raised by the Registrar-General to be dealt with by the Objection Unit: - within 6 months, if it is made before 30 June 2015; and - within 4 months, for an objection made after 1st July 2015. If an objection is not dealt with within the specified period, the objection will be deemed to have been allowed by the Registrar-General.  Removal of Anomaly: Any reduction in value of an immovable property agreed or determined at the level of the Assessment Review Committee will apply to both the seller and the buyer for tax purposes even if one party has not objected to the assessment. Any tax or duty paid in excess will be refunded.  Advance Ruling: A notary will be allowed to request the Registrar-General for an advance ruling in respect of the amount of duty and taxes payable in respect of a particular transaction upon furnishing the full details of the transaction and payment of a fee of Rs5,000.  “Droit d’Occupation”: Amendment will be brought to clarify that Registration Duty exemption in respect of transfer of immovable property from an ascendant to his descendent also covers a right of occupation (“droit d’occupation”) in respect of an immovable property.  Recovery of Arrears of Revenue: The Registrar-General will be allowed to enforce payment of any duty or tax due by attachment in the manner provided under the Attachment (Rates and Taxes) Act. Public Debt Management  The Public Debt Management Act will be amended to exclude any Government security issued for mopping up excess liquidity in the banking sector and not for meeting the borrowing requirements of Government from the computation of the statutory public debt ceiling required under the Act.  In addition, provision will be made for the terms and conditions for the issue of Government securities to be specified by the Minister instead of having to be prescribed by Regulations. Public Procurement Act  To ensure greater transparency, fairness and effectiveness, the Public Procurement Act will be amended, inter-alia, to make the Independent Review Panel give its decision within 30 days of a request for review failing which the Public Body will be allowed to award the contract. Public Private Partnership Act  The Public Private Partnership Act will be simplified to encourage greater participation of the private sector in infrastructure development projects. Miscellaneous  Some technical amendments will be brought to clarify, fine-tune, plug loopholes and harmonise various provisions in revenue laws and other enactments. PART B: OTHER LEGISLATIVE AMENDMENTS Bank of Mauritius Act  The Bank of Mauritius Act will be amended to: (a) enable the Bank to: (i) participate in the launching of the Gold Fund; (ii) create reserves for monetary purposes or such other specific purposes as may be determined by the Bank in conformity with applicable International Accounting Principles and best international practices; (iii) make use of the Special Reserve Fund for liquidity management purposes; (iv) regulate and supervise the ultimate intermediate financial holding companies that have at least one subsidiary that is a financial institution licenced by the Bank of Mauritius; (v) demonetise the one cent coin; and (vi) regulate the payment systems in Mauritius. (b) require every member of the Monetary Policy Committee (MPC) other that the Governor and the Deputy Governors to take an oath of confidentiality; (c) vest the Chairman of the MPC with a casting vote which he may use in the event of an equality of votes at any meeting of the MPC; and (d) replace the Bank Review Panel by an alternative review mechanism. Banking Act  The Banking Act will be amended to - (i) exempt foreign banks providing loans to Global Business Licenced companies and specified entities such as the new SME Bank from the need of having a Money Lender licence; (ii) extend the places at which banks can offer their services; (iii) extend the provision on annual licence fee to all holders of a licence under the Act; (iv) enable the Bank of Mauritius, in case of emergency, to declare part of a day as a bank holiday; (v) require that all displays of information by Bank should have the prior approval of the Bank of Mauritius; and (vi) implement a Bank Resolution Mechanism for banks in crisis situation. Insurance Act  The Insurance Act will be amended to enable the issue of policy documents in digital format.  Presently, only commercial marine pleasure craft operators are required to subscribe to a third party insurance policy as part of their licensing requirements. Third Party Insurance will henceforth be made compulsory for all marine pleasure crafts whether for pleasure or commercial use. Code Civil Mauricien  Code Civil Mauricien will be amended to clarify that when the repayment of a loan, made by an authorised institution, exceeds three years, the loan agreement may include a provision for the capitalization of accrued interest. Borrower Protection Act  The Borrower Protection Act will be amended to: (i) empower the Minister of Industry, Commerce and Consumer Protection to be responsible for the subject of borrower protection; and (ii) ensure that the lender performs its due diligence on debt repayment capacity not only of the borrower but also his guarantor. Companies Act and Statutory Bodies (Accounts and Audit) Act  The Companies Act will be amended to allow for – (i) electronic filing of documents and electronic payment of fees falling under the administration of the Corporate and Business Registration Department; and (ii) correction of typographical or clerical errors in documents filed with the Registrar of Companies without the need for companies to make multiple filings. Foundations Act and Limited Partnerships Act  To facilitate settlement, compounding of offences will also be allowed for Foundations and limited partnerships as is the case for companies. The Foundations Act and Limited Partnerships Act will be amended accordingly to allow for compounding as well as electronic filing of documents and electronic payment of fees.  The Registrar of Limited Partnerships will also be empowered to issue a Certificate of Current Standing for limited partnerships. Consumer Protection (Price and Supplies Control) Act  The number of days from the date of application to the issuance of import or export permits will be established under the Consumer Protection (Price and Supplies Control) Act.  The number of controlled goods at the level of the Ministry of Industry, Commerce and Consumer Protection is being reviewed thereby reducing the number of permits required at import. The renewal process for a number of permits is also being simplified. Investment Promotion Act  The Investment Promotion Act will be amended to empower the Investment Projects Fast Track Committee to fast track morcellement permits and Building and Land Use permits in addition to the EIA Licence and authorisation for Land Conversion. Moreover, provision will be made for public bodies to consult the Board of Investment on the review of systems, procedures and guidelines in the context of ease of doing business.  To facilitate the processing of morcellement permits, EIA Licences and authorisations for land conversion, the relevant enactments will be amended to allow applicants to attend meetings for the purposes of giving clarifications and explanations relating to their applications. Tourism Authority Act  The Tourism Authority Act will be amended to - (i) consolidate and streamline the processes for authorisation to carry out activities in the tourism sector; and (ii) enable Craft shops to reserve a minimum of 20% of shelf space, in their showrooms, to display locally manufactured handicraft products. Code de Commerce  The Code de Commerce will be amended to empower the Registrar of Companies to strike off a société which has not been renewed after its expiry and for non-payment of fees and charges. Morcellement Act  Morcellement Act will be amended to expedite the processing of morcellement permits. Business Registration Act  The Business Registration Act will be amended to include a Schedule listing the names of Government agencies which will make use of a unique identification number to facilitate sharing of information and avoid multiple registrations among those agencies. The latter will also have access to online registers kept by the Companies and Business Registration Department and Civil Status Division. In this context, relevant Acts will be amended. Freeport Act  The Freeport Act will be amended to clarify the meaning of “support services”. Moreover, the Schedule to the Freeport Act will be simplified and a new freeport activity, namely global trading, will be added. Global trading refers to the international buying and selling of tradable commodities without the commodities being physically landed in Mauritius. Human Resource Development Act  The Human Resource Development Act will be amended with a view to streamlining the institutional provisions with a view to enabling the HRDC to more effectively address the skills mismatch issue, promote trainer-employer synergy and ensure prompt decision- making. Pension Act and the Statutory Bodies Pension Fund Act  Certain amendments will be made to Pension Act consequential to the PRB Report and also to review the composition of the Public Pensions Advisory Committee with a view to ensuring a better representation of the different interest groups.  Appropriate amendments will be made to the Statutory Bodies Pension Fund Act to enable to merging of various funds and safeguarding pension benefits of employees of statutory bodies. State Lands Act  State Lands Act will be amended to allow the transfer of State land for implementation of Government approved projects. Sugar Industry Efficiency Act  The Sugar Industry Efficiency Act will be amended to allow a lessee holding a lease agreement for a term exceeding 20 years and a non-citizen having a presale agreement in respect of agricultural land for business purpose to apply for a land conversion permit. Local Government Act  Government will work out a plan for the setting up of a centralised system at the level of the Ministry of Local Government for the rapid determination of all applications for building and land use permits. This will also allow for a consistent approach in processing applications. Independent Broadcasting Authority Act  The Independent Broadcasting Authority Act will be amended to allow for the completion of digital migration of broadcasting signals. Indicative List of the 38Pockets of Poverty Number of SN Region households 1 Les Guibies, Pailles 60 2 Camp Manna, Tranquebar 114 3 Camp Tory, Port Louis East 112 4 Quartier Shell, Port Louis West 73 5 Marjolin, Cité La Cure, Port Louis 153 6 CHA Terre Rouge 261 7 Longère Tole/Longère Blanc, Baie du Tombeau 91 8 Cité Mère Theresa, Triolet 148 9 Cité St Claire, Goodlands 329 10 Débarcadère, Poudre D’Or Village 166 11 Ramphul Road, Plaines des Roches 84 12 Airport Zone, Roches Noires 147 13 Ste Catherine, St Pierre 252 14 Bonne Veine, Quartier Militaire 162 15 Allée Coco, Poste de Flacq 122 16 Débarcadère, Poste de Flacq 63 17 Cité CHA Bel Air, Bel Air Rivière Sèche 321 18 Le Maho, Trou D’eau Douce 139 19 Anse Jonchée, Grand Port 83 20 Résidence Bethleem, Rose Belle 307 21 Cité Ville Noire, Mahébourg 160 22 Le Bouchon, Grand Port 185 23 EDC Camp Diable 99 24 EDC Batimarais, Rivière des Anguilles 173 25 Folles Herbes, Bambous 180 26 Contour Prune, Baie Du Cap 66 27 Résidence Kennedy, Quatre Bornes 172 28 Cité Riche lieu 179 29 Cité Palmerstone, Phoenix 93 30 Cité La Caverne, Vacoas 113 31 Cité Mangalkhan, Floréal 123 32 Cité L’Oiseau, Floréal 90 33 Cité Anoska, Forest Side 85 34 Cité Joachim, Curepipe 131 35 Cité Beau-Sejour, Bassin 74 36 Cité Trèfles, Rose Hill 124 37 Résidence Barkly, Beau Bassin 194 38 Cité Chebel, Beau Bassin 50 Total 5,478","Madam Speaker, I will give the information. As at 31 December 2014, BAI was involved with related parties up to 58%. That is a huge percentage compared to the law that provided for a maximum of 10% of the BAI’s assets that could be invested in related parties. So, we are very far. The second question: has the situation improved? Yes, it has improved. In 2009, it reached a peak of 85% …"
25,1080,0.4346,,"vote, called, agreed, put, was, question, office, electoral, commission, ministry","The question relates to Constituency No.14, let us stick to that.","That is, the second largest constituency.","MUNICIPAL ELECTIONS - LOCAL GOVERNMENT ACT - AMENDMENT (No. B/160) Mr A. Ganoo (First Member for Savanne & Black River) asked the Rt. hon. Prime Minister, Minister of Defence, Home Affairs, Minister for Rodrigues and National Development Unit whether, in regard to the municipal council elections, he will state when same will be held, indicating if Government is proposing to introduce amendments to the Local Government Act before same will be held and, if so, indicate the sections of the Act which will be concerned therewith. Reply (Minister of Local Government): The Local Government Act 2011 provides that elections shall be held in 2012 and thereafter every 6 years on such date as the President shall appoint. As it was announced in the Government Programme 2015-2019, the Local Government Act will be amended to consolidate democracy at local level and promote better participation of local councillors in the management of community affairs. In this context, my Ministry has consulted the 12 local authorities and the Electoral Commissioner with a view to inviting proposals for amendments. The proposals received have been examined and the Government has set up a Ministerial Committee under the chairmanship of the Deputy Prime Minister, Minister of Tourism and External Communications to oversee amendments to be brought to the Local Government Act 2011. The Ministerial Committee has met and made recommendations for the review of the Local Government Act 2011 with a view to consolidating democracy at local level and Government has agreed to the recommendations. The Attorney-General’s Office has already been instructed to work out the draft Local Government (Amendment) Bill for introduction in the National Assembly. At this stage, it is premature to indicate which specific sections of the Local Government Act 2011 will be amended. NDU – CONTRACTORS – APPOINTMENT"
28,1066,0.7084,,"sugar, planters, food, agricultural, production, cane, to, vegetables, and, industry","May I ask the hon. Minister, concerning those chicks which have already being distributed, whether the Ministry has had an assessment of the progress achieved so far by the farmers to know whether all the aspects of this rearing business are being looked into and whether any adjustment needed is being sought?","Madam Speaker, may I know from the hon. Minister whether this Committee that is looking into the labelling of food will also cover imported food? Because a lot of food has labels and, therefore, we need to have agreements with other countries that before they put halal or vegetarian label it should comply with Mauritian law.","I am given to understand that Sarako, the plant, is not performing with maximum efficiency. Can I know whether the hon. Vice-Prime Minister has looked into the problems causing that and what remedial action is being taken?"
66,1017,0.5271,,"bank, mauritius, of, the, financial, fund, to, in, billion, and","Okay! Next question! This has been sufficiently debated. PQ No. B/19, please! Hon. Uteem! MAURITIUS/INDIA - AVOIDANCE OF DOUBLE TAXATION TREATY (No. B/19) Mr R. Uteem (First Member for Port Louis South & Port Louis Central) asked the Minister of Finance and Economic Development whether, in regard to the renegotiation of the Avoidance of Double Taxation Treaty between Mauritius and India, he will state where matters stand.","The hon. Minister has announced that just on this item of Build Mauritius Fund, we are going to pay Rs1.2 billion from users abroad. May I know from the hon. Minister why is it that only those who are road users who buy oil and gas oil, have to fork out for national problems as opposed to the general budget that is done every year under the supervision of this Parliament? Why are we creating this huge fund which will not be under the scrunity of Parliament?","Mr Deputy Speaker, Sir, the country is highly indebted and if we start taking debts again, we will be facing a situation which will be very difficult for the forthcoming generation. So, the best decision was to increase the Build Mauritius Fund to solve the water problem."
27,1015,0.3314,,"withdraw, word, you, okay, withdrawing, please, remove, withdrawn, stop, it",It has been shelved.,I withdraw.,"When I was growing, my peers was listening to ‘I am a disco I dancer’ while I was listening to ‘soldat lalit militant’. But then, eventually I left MMM on a point of principle like my Leader, hon. Ivan Collendavelloo, did. I left on a point of principle!"
45,953,0.4253,,"member, an, hon, li, honte, pa, sa, ki, pe, twa",The technical team is the technical team!,"Yes, okay. I rephrase. So, Joy Beeharry is J. B. and Veeren Coomaren is V. C.; J. B. and V. C. Souvenez-vous, Madame la présidente, de la fameuse conseillère du Parti Travailliste qui se promenait sur la plage de Flic-en-Flac avec son ‘cabas rouge’ rempli de billets et vendant des étaux de la foire de la mairie de Quatre Bornes? Si la police avait fait son travail correctement, elle n’aurait pas récidivé en faisant d’autres victimes avec le Ponzi Scheme. How can we forget the hedging at Air Mauritius? More than Rs6 billion lost! Rs6 billion! How can we forget the hedging at STC where the Mauritian people had to pay Rs8 billion, Madam Speaker? On peut oublier le fracas du ministre Jeetah, le dumping du lait Amul à Mare Chicose? Combien de questions, PNQ, on a eu dans cette auguste assemblée, par millions et des millions qu’on a jeté à Mare Chicose à cause de l’incompétence de l’ancien ministre Jeetah. Toujours favori, on ne sait pas pourquoi. La dilapidation des terres de l’État à des petits copains et copines. Le fameux contrat de Betamax taillé sur mesure pour les familles Jeetah et Bhunjun! Taillé sur mesure! Heureusement, que nous avons notre ministère de la bonne gouvernance qui est en train d’ouvrir une enquête et on a terminé son contrat. Le fameux Ring Road ‘ki ine fini crazé avant fourmi marcher. How can we forget this? La route Terre Rouge-Verdun inaugurée en grande pompe mais fermée à toute vitesse pour cause de danger public - fissures partout, pareil comme il y a dans l’opposition. How can we forget les universités ‘marrons’ de Jeetah ‘kot certificat pena valère’? How can we forget the D. Y. Patil Medical College de la famille Bappoo? How can we forget des terrains qu’on a donnés à un pandit. Je croyais pour faire un pooja shop mais pour faire un restaurant, Madame la présidente! C’est ça notre Premier ministre, le leader du Parti Travailliste, qu’on a toujours gardé comme leader modèle, donner du terrain à un pandit pour faire un restaurant et si demain les hindous ne vont plus aller dans les Shivalas, ils vont aller dans les restaurants, qui va être responsable?",… to dévire tout enbas lahaut. Thank you.
38,948,0.4915,,"point, order, standing, orders, you, your, raise, listen, please, of","Yes. So, what is the point of order?","I think it was allocated by way of a variation order, but then, I would have to check again.","Hon. Gayan, what is your point of order exactly?"
35,934,0.7392,,"housing, units, nhdc, houses, social, construction, constructed, ltd, for, nsld","Madam Speaker, there are 181 squatters who have been identified by my Ministry in Constituency No. 2, Port-Louis South and Port Louis Central as follows – Tranquebar - 82 Vallée Pitot - 29 Vallé Pitot near Eid Gah- 67 Citadel - 3 As regards part (b) of the question - (i) squatters in the region of Tranquebar will soon be relocated to Pointe aux Sables where a housing project has been implemented together with the necessary infrastructure facilities; (ii) for the squatters in the region of Vallée Pitot, upon my request, a survey and the registration of these squatters are currently being carried out. It is proposed to regularise those squatters in ‘in situ’ provided that safety and the eligibility criteria of my Ministry for the allocation of a building site lease. (iii) regarding those squatters in Vallée Pitot near Eid Gah, lying within and alongside the proposed alignment of the Ring Road project, a committee comprising of the Ministry of Public Infrastructure and Land Transport, the Ministry of Social Integration and Economic Empowerment and my Ministry have tasked to look for other suitable sites in the region of Port Louis and Pointe aux Sables for relocation of these squatters, and (iv) as far as the three cases of Citadel, the survey of the State land has been completed and the case of each squatter will be dealt with on a case to case basis.","Madam Speaker, I wish to inform the House that, in Constituency No. 14, there are 8 Cité EDC, namely Bel Ombre, Case Noyale, La Ferme, L’Embrazure, La Mivoie, Petit Bien, Surinam and Tamarin, comprising 479 housing units. Asbestos panels and corrugated iron sheets were used for their construction. The inhabitants of these housing estates are all owners of the housing units. With regard to parts a (i) and (ii) of the question, I wish to inform that out of the 479 housing units - (i) 96 have been pulled down by their owners and have been reconstructed in concrete; (ii) owners of 330 housing units have carried out an extension to their existing housing units using concrete materials; (iii)45 housing units are in their original state without any extension. They are being properly maintained by their owners and are in good physical conditions, and (iv) eight housing units are in deplorable conditions, out of which four units are occupied and four units are unoccupied. Madam Speaker, as for part (b) of the question, the inhabitants of these housing estates have been informed of the schemes available for the upgrading or the reconstruction of their housing units. Any house owner who either wishes to upgrade or reconstruct his housing unit may take advantage thereof. The facilities include - (i) assistance for the removal and carting away of asbestos wastes; (ii) grant, on a priority of consideration basis, for the casting of roof slabs or for the purchase of building materials through the National Housing Development Company Ltd.; (iii) subsidised loan facilities from the Mauritius Housing Corporation Ltd., and (iv) assistance from the National Empowerment Foundation for the construction of a housing unit. Madam Speaker, the sensitisation campaign on how to maintain the housing units and on facilities available for construction is an ongoing exercise undertaken by the officers of both the Ministry of Health and Quality of Life and my Ministry. I shall personally effect a site visit to assess the situation de visu. Besides, I shall immediately request the dedicated Committee at the Ministry of Health and Quality of Life to assess the situation in those EDC Housing Estates and to provide an update as well as indicate whether there is any immediate intervention which is required. I can assure all my hon. Colleagues of No. 14 that we are going to effect a visit with all the hon. Members and with my officers with different Ministries. After our visit, if there is any action to be taken, you rest assured that I’ll do it.","This is an issue which has been raised several times in this House. The hon. Vice-Prime Minister himself when he was Member of the Opposition asked a question, which I have in my hands. The solution to this problem is that, true it is that a few of these houses have been pulled down and rebuild by the owners, Some are in fair conditions, as the hon. Vice-Prime Minister just said himself but, the fact is that there are still many houses, not only in Constituency No. 14, but in other parts of the country which are still made of asbestos and in which our citizens are still living. We all know that this is a health hazard."
122,917,0.5213,,"port, louis, it, that, is, not, to, this, the, minister","According to my information, yes. PORT LOUIS - HAWKERS (No. B/21) Mr R. Uteem (First Member for Port Louis South & Port Louis Central) asked the Minister of Local Government whether, in regard to hawkers operating in Port Louis, he will state the – (a) number thereof, and (b) measures that will be taken to regulate the situation thereof.","Madam Speaker, as soon as I took office one of my priorities was to look into the issues of hawkers in Port Louis and to come up with appropriate measures to address this problem. In this context, I started consultation process with all major stakeholders namely the Market Traders Association, the Street Vendors Association and the Central Market Association with a view to obtaining the ideas and suggestions for a long-term, sustainable and workable solution to this issue taking into consideration the following factors – (i) the legitimate aspirations of those hawkers to continue their trade so as to earn a decent living to support their families; (ii) the qualm of the shop owners and the market traders who have time and again made representations to the effect that hawkers were operating at their doorstep and competing against them, and (iii) the judgement delivered by the Supreme Court in August 2012 ordering the City Council of Port Louis and the police authorities to take necessary measures to refrain hawking activities within 500 metres radius of the Central Market. However the Front Commun des Commerçants de l’île Maurice which was invited did not respond positively. I am informed that surveys were conducted by the City Council of Port Louis in the years 2009 and 2012 which revealed that around 1200 hawkers were operating along the various roads in the city. I am further informed that two sites have already been identified at ex-CWA building, Decaen Street and the Immigration Square for the relocation of the 1200 hawkers. I personally visited these two sites to assess their suitability in terms of the size, accessibility and availability of basic amenities. I am given to understand that according to a study carried out by the City Council of Port Louis in June 2013, the site at Decaen Street can accommodate about 606 hawkers whereas the one at Immigration Square, 357 hawkers. But I am trying to see if we can accommodate more hawkers on these sites. However, it is noted that major refurbishment works would have to be carried out at the ex-CWA building to make it functional and basic amenities such as covered stalls, toilet and parking facilities would have to be provided on these sites. Madam Speaker, the House may wish to note that these works will entail substantial investments and will take time for implementation in view of the procurement procedures. We believe that with the concerted efforts of all the parties, namely the City Council of Port Louis, the Street Vendors Association and other stakeholders, this project can be implemented in about a year.","MONNERON SSS – RENAMING - ABDUL HAMID GOOLAM MOHAMED ISSAC SSS Mr S. Mohamed (First Member for Port Louis Maritime & Port Louis East): Madam Speaker, I take this opportunity which I thank you for giving me to address a matter of importance - in my view - to the House and it is that on 19 July 2013, Cabinet took the decision and agreed that Monneron State Secondary School be named after late Abdul Hamid Goolam Mohamed Issac also known as Gorah Issac. He was the Municipal Councillor from 1951 to 1953. He was elected as a Member of the Legislative Assembly from 1959 to 1963. Mr Issac devoted much of his time to education of the youth, free coaching students who could not afford private tuition, and during his mandate he fought for the inclusion of Urdu and other Oriental Languages for the Cambridge and London University Examinations. He presented motions to the Legislative Assembly for sustaining private colleges and Madrassas so that they could operate more efficiently. I pray, therefore, Madam Speaker, to the hon. Prime Minister and also to the hon. Minister of Education and Human Resources, Tertiary Education and Scientific Research if that Cabinet decision could be implemented because it still hasn’t been implemented even though it has been decided and we pray, therefore, that this could be implemented because Mr Issac is, indeed, a hero who should be remembered for what he has done for this country. Thank you."
23,909,0.5188,,"withdrawn, pq, advised, table, replied, pqs, been, minister, hon, regard",This is irrelevant to the PNQ.,"Okay! Hon. Members, the Table has been advised that Parliamentary Question Nos. B/3 and B/4 have been withdrawn. The Table has been further advised that the following Parliamentary Questions which have been addressed to the Rt, hon. Prime Minister will now be replied as follows - B/6 in regard to the report of the Truth and Justice Commission will now be replied by the hon. Deputy Prime Minister, Minister of Tourism and External Communications; B/10 in regard to the Maurice Ile Durable Commission will now be replied by the hon. Minister of Environment, Sustainable Development and Disaster and Beach Management; in relation to the Jin Fei Project at Riche Terre will now be replied by the hon. Minister of Finance and Economic Development. I also wish to inform hon. Members that the Table has been advised that the following Parliamentary Questions will be replied by the Rt. hon. Prime Minister at the end of Prime Minister’s Question Time, time permitting. PQ No. B/18 in regard to the Canal Anglais behind the Military Road, Cité Martial, addressed to the hon. Minister of Public Infrastructure and Land Transport; B/34 in regard to the E-Judiciary project addressed to the hon. Minister of Finance and Economic Development; B/37 in regard to works being carried out at Canal Dayot, GRNW, addressed to the hon. Minister of Public infrastructure and Land Transport; B/41 in regard to works being carried out at Sable Noir, GRNW, addressed to the hon. Minister of Public Infrastructure and Land Transport. Questions addressed to the Rt. hon. Prime Minister! Hon. Ameer Meea! MASTER M. T. I. J. – DEATH - INQUIRY (No. B/1) Mr A. Ameer Meea (Second Member for Port Louis Maritime & Port Louis East) asked the Rt. Prime Minister, Minister of Defence, Home Affairs, Minister for Rodrigues and National Development Unit whether, in regard to the death of late master M. T. I. J. whose dead body was found on or about 10 December 2014, he will, for the benefit of the House, obtain from the Commissioner of Police, information as to where matters stand in relation to the inquiry carried out thereinto.","No question! The Table has been advised that the following PQs addressed to the hon. Prime Minister have been withdrawn: Nos. B/12, B/13 and B/14. HUMAN RIGHTS COMMISSION - JURISDICTION"
39,903,0.2387,,"bhagwan, please, hon, jhugroo, meea, ameer, your, you, bhadain, rutnah","Hon. Ameer Meea, refrain from making comments! Ask your question!","Hon. Bhagwan, I think we have discussed about these issues and I’ll be coming shortly with …","Hon. Bhagwan, please proceed!"
107,867,0.4923,,"sir, look, matter, into, mr, speaker, thank, will, deputy, member","Madam Speaker, I just mentioned that we have set up a Committee and the hon. Member is aware, as I have already mentioned, we are going to see to it that we are in a position to see what the situation is exactly and I have already set up an enquiry. After the enquiry, I will be able to know what decision we can take. But, the hon. Member can rest assured that this is not going to be neglected.","Well, that is a technical question. I think we may ask the TMRSU to see whether this can be done.","Mr Deputy Speaker, Sir, I will look into the matter. ALBION VILLAGE - CITE MARCEL CABON– SEWERAGE"
69,864,0.5368,,"question, supplementary, questions, you, your, next, another, put, ask, have",Last question! We’ve spent a lot of time on this question. I would rather move to the next question!,"Leader of the Opposition, I am asking you whether you have a final question now, because we have got only two minutes left. So, I am just asking you if you have or you don’t have.",It is my supplementary question!
149,864,0.797,,"de, et, la, le, our, les, des, pour, en, que","Address by His Excellency The President at the Opening of the First Session Of the Sixth National Assembly of the Republic of Mauritius On Tuesday 27 January 2015 Madam Speaker, Honourable Members, 1. I am pleased to welcome you to the First Sitting of 2015 of the First Session of the Sixth National Assembly of Mauritius being held today the 27th of January. 2. It is my honour and privilege to welcome Hon. Sir Anerood Jugnauth, GCSK, KCMG, QC, as the new Prime Minister and Leader of the House, Hon. Ravi Yerrigadoo as Attorney General and Mrs Santi Bai Hanoomanjee as Speaker of this Assembly. 3. I bid a special welcome to all the newly elected members whom I wish a fruitful journey at the service of the nation. 4. On the10th of December 2014, the population overwhelmingly and very clearly expressed its faith and trust in Sir Anerood Jugnauth, his coalition partners and his team to bring meaningful change to the daily life of our people and to lead them towards happiness, prosperity and a better future. 5. Respecting the will of the nation, Government will govern for the People with the People. And this pledge will consistently drive the endeavours and actions of all Ministers throughout this mandate. 6. Government’s objective is to transform Mauritius into a truly forward looking, environmentally sustainable, economically vibrant and innovative country with modern infrastructure, global connectivity, high skills and technology. 7. Government will improve quality of life, accelerate social integration, strengthen democracy and ensure the independent functioning of institutions. The ultimate aim is to shape a second socio-economic miracle in the interest of one and all. 8. Government is committed to conducting business on the principles of discipline, transparency, accountability and exemplary governance. 9. This implies: • Responsible and judicious use of public funds and a crusade to weed out wastage; • An open and transparent bidding and procurement process to combat fraud and corruption; • A transparent and merit-based recruitment and appointment policy to ensure meritocracy; • An in-depth reform of our public sector institutions to inject productivity, efficiency and quality service; • A zero tolerance policy against crime and violence; • Freeing our society from the shackles of widespread corruption, favoritism, nepotism, mafias and political interference, and • Guaranteeing access to information and broadening of the democratic space. 10. Government is committed to warding off unemployment, introducing a minimum wage policy and implementing a better social housing policy. 11. Government will lay the foundations of a stronger economy and a fairer society. The aim is to promote a healthy business climate that will encourage enterprise and investment and, at the same time, ensure happiness and prosperity to our people and a greater sense of belonging to the nation. 12. Government adheres to the principle that in the development process and financial advancement, national wealth must be equitably distributed. The philosophy of ‘développement à visage humain et chances égales pour tous’ shall eminently prevail in all our endeavours. 13. Government is convinced that sustainable economic growth cannot be achieved without the integration and participation of the entire population. 14. Consequently, a key consideration of Government during its mandate will be to reduce the gap between the rich and the poor, promote social justice, economic empowerment and national unity, and protect the elderly and vulnerable ones. Honourable Members, SOCIAL INCLUSION 15. Meaningful change starts with a strong focus on the most vulnerable citizens. Only a few days after being sworn into power, Government granted a sizeable increase in pension payments to the elderly, as well as to the widows, orphans, physically handicapped and all other recipients of social aid. 16. Thus, the monthly old age pension, basic widow’s pension and basic invalid pension have all been increased to Rs5,000. At the same time, a uniform salary compensation of Rs600 has been granted to all workers and employees. 17. A minimum wage bill will be introduced for the workers at the lower end of the ladder. 18. To further alleviate people’s financial burden, government will eliminate VAT on a number of food products. 19. Government will set up a special financial assistance scheme to help students from modest families to pursue tertiary education and thus contribute to their own economic and social advancement. 20. A medium to long term Marshall Plan will be elaborated to combat poverty and social exclusion. The National Empowerment Foundation will be restructured to render it more proactive and improve service delivery to the poor. 21. New legislation will be brought forward to provide more protection and security to the elderly, women, children and physically handicapped. Penalties for offenders will be substantially increased. 22. Government will set up additional recreation and activity facility centres for the elderly and the disabled. 23. Government will further strengthen the existing legislations in respect of charitable institutions which will be required to install CCTV cameras on their premises, ensure the presence of a full-time medical practitioner and recruit qualified and trained carers, as well as a psychologist. 24. Government will provide special support care to elderly persons with disabilities and those living alone as part of its strategy to provide a ‘service de proximité’ to them. 25. Government proposes to amend sections 3 and 16 of the Constitution to prohibit discrimination and introduce a Disability Bill to provide further protection to persons with disabilities. 26. Government will review the national pensions fund to strengthen enforcement and sustainability and ensure adequate income replacement. HOUSING 27. Government will increase housing supply and home ownership for the economically and socially disadvantaged. The construction of some 10,000 social housing units during this present mandate has been planned. 28. To protect financially distressed people, legislation will be enacted to prohibit, for a period of two years, the sale by levy of the only house of a worker who has been made redundant on economic grounds. In the same vein, the overall procedure of sale by levy will be reviewed to prevent collusion between financial institutions, legal advisors and their agents. 29. A new strategic land use planning framework will be developed to achieve major social and development objectives. JOB CREATION 30. Over the next five years, a significant number of jobs will be created in the public sector. In parallel, the private sector will be empowered through various fiscal measures to actively participate in government’s unemployment alleviation mission. 31. Some 15,000 jobs will thus be created annually. A new dynamism will be instilled in the existing economic sectors and, later on, from new development poles, such as regional bunkering hub, the ocean economy, duty-free shopping and the ICT enabled services sectors. 32. Labour legislation will be amended to better protect employees. 33. A new school of nursing will be opened in the south of the country and a project to train and prepare medical staff for employment abroad will be initiated. Bilateral agreements and partnerships will be sought with other countries to that end. 34. A considerable number of well-remunerated seasonal jobs will be created in the cruise, shipping and hospitality sectors. The recruitment and training exercise will be carried out in an open and transparent way under the aegis of the government. 35. To increase the chances of young jobseekers and fresh graduates secure permanent employment at their training stations, the duration of the state subsidised Youth Employment Programme will be extended to two years. Prospective employers will thus have additional time to assess their trainees. 36. The Youth Employment Programme will be reviewed in order to extend the duration of the contract of employment to a period of two years. 37. New fiscal incentives will be granted to the private sector to encourage them recruit unemployed people on a full-time basis. 38. In order to increase the employability of people convicted of minor crimes and misdemeanours, such records will cease to appear on their ‘certificates of character’ after a period of one year. 39. To encourage companies hire local work force, work permit regulations will be reviewed. Recruitment of foreigners will be limited to scarcity areas and to acquire new skills. 40. A new national employment agency will be created to find suitable job placements for the unemployed. 41. The Back to Work Programme will be implemented to facilitate women wishing to take up or resume employment. 42. Amendments will be brought to the Employment Rights Act with a view to extending maternity leave from 12 to 14 weeks to better support working mothers fulfill their family obligations. YOUTH & SPORTS 43. Government will endeavour to increase the level and standard of sports activities in the country. Professional football will be actively promoted. In collaboration with an English premier league soccer club, a high-level football academy will be set up in Mauritius to offer talented youngsters the opportunity to pursue a career locally and abroad. 44. To provide greater access to quality and user friendly services to the young and empowering them to better participate in the socio-economic development of the country, Government will review the operations of youth centres. 45. New modern residential sports training centres will be built in Bel Ombre and Anse La Raie. 46. A National Youth Volunteer Scheme will be introduced to promote volunteering culture among the youth. 47. Government will set up fitness facilities in sports complexes and youth centres to encourage regular physical exercises. WOMEN AND CHILDREN 48. Government will strengthen legislation on women, children, community care and protection. 49. A new Children’s Bill will be introduced to bring together the different pieces of legislation dealing with children under one single legislative umbrella. 50. A new Bill will be introduced to replace the National Women’s Council Act of 1985 to provide for a more dynamic, productive and structured council. Laws relating to protection and prevention of domestic violence will be reinforced. Particular attention will be given to street children. 51. The SILWF Act will be reviewed to meet the changing needs and aspirations of the population. Honourable Members, ENVIRONMENT 52. Sustainable and eco-friendly development ranks high on Government’s agenda and is expected to pave the way for a cleaner, greener and safer Mauritius. 53. The Beach Authority Act will be reviewed and Beach Management Plans will be developed and implemented to ensure a more rational development and sustainable use of beaches. Reinforcing safety and security on public beaches will be a key priority. 54. Government will take necessary steps to ensure that beachfronts, public beaches and access to the sea remain the domain of the public. Commercial developments in these places will be carefully weighed against the population’s need for recreational activities. 55. Government will ensure that lease hold rights of Pas Géometriques and other state lands are not transferred, sold or otherwise monetised in whatever form without prior authorisation of the Cabinet. 56. Efforts will be made to reclaim back all leases that have not respected the development clause for which they were allocated, or which are being held for speculative or pecuniary motives. 57. The Environment Protection Act will be reviewed to more effectively respond to the changing needs of the day and tackle emerging challenges including mitigation concepts. 58. The National Environment Commission (NEC) will be revived to create better synergy among the various stakeholders to address important environmental concerns and issues. 59. For more efficient prevention and control of environmental pollution, the Police de l’Environnement will be strengthened and reinforced and the various enforcing agencies empowered. 60. Addressing climate change is a major challenge, particularly for Small Island Developing States. In this context, Government will come up with a Climate Change Bill and a new Climate Change Mitigation Strategy and Action Plan will be devised and implemented. 61. To enhance the safety and security of our citizens against natural disasters, Government will review and update the national multi-hazard early warning system and embark on innovative disaster management education, training and public awareness initiatives. 62. Government will adopt a responsible and environmentally sustainable policy regarding energy production, waste management and physical infrastructural development. Awareness, control, monitoring and sanctions will be at the heart of future initiatives. 63. Fiscal incentives will be provided to encourage renewable energy production. EDUCATION 64. Government will aim to deliver a high standard of academic education and skills for our youngsters. Education reforms will focus on curriculum review and performance improvement at all levels. Remedial education at an early stage of the primary and secondary education cycles will remain a priority in order to deal with learning deficits, early drop-outs and failures. 65. Government will introduce a nine-year basic continuous schooling and the Certificate of Primary Education (CPE) will be replaced by an end-of-primary cycle assessment. 66. To alleviate financial burden, improve education attainment and child health, Government will ensure that all pupils attending primary schools receive a free hot meal. 67. Full subsidies on SC and HSC examinations will be extended indiscriminately to all pupils irrespective of their social background. 68. Government will introduce environmental awareness and value-based education in the primary education curriculum. 69. A School of Arts will be set up to promote holistic learner development in areas of music, dance, painting and drama. 70. In order to build on the existing partnership with the private providers of secondary education and make it more effective, Government will review the Private Secondary Schools Authority (PSSA) Act. 71. Government will reinforce Technical and Vocational Education and Training (TVET) and provide for a new legal framework to govern the sub-sector, including the review of the Mauritius Institute of Training and Development (MITD). 72. The MITD will be called upon to position itself as a Regional Training of Trainers Centre for Technical and Vocational Education and Training in Southern and Eastern African, COMESA and SADC countries. 73. Government will introduce a Skills for Growth scheme that will offer opportunities to young graduates to acquire work experience and to put into practice their knowledge, thereby assisting SMEs in terms of manpower, knowledge-sharing, creativity and innovation. 74. With a view to providing students with relevant career guidance and counselling services, an Integrated Career Counselling System including career orientation, information and management services will be established. 75. Government will introduce a ‘Chambre des Métiers’ Bill to give due recognition to the various professions, including the registration of people in the different trades, setting standards for training facilities and qualifications in each trade. 76. A Higher Education Bill will be introduced as a new legal framework for the development of quality education and research in line with the objective of strengthening Mauritius as a knowledge hub. In the same vein, the Tertiary Education Act will be reviewed and the TEC strengthened as the regulator. 77. With a view to providing higher learning opportunities for those in need of fostering greater equity in the system, Government will encourage access to Tertiary Education for students from low income families and students with disabilities. ARTS AND CULTURE 78. The promotion of arts and culture will constitute an important ingredient in nurturing national unity and promoting our tourism industry. Measures will be put in place to promote cultural tourism, religious pilgrimage and film production. In this context, the role and functions of the Mauritius Film Development Corporation (MFDC) will be reviewed. 79. Cultural entrepreneurs in the different fields of arts and culture will be given incentives through a start-up scheme for new entrepreneurs and a special scheme for existing cultural entrepreneurs with a view to giving a new impetus to the sector and boosting artistic creativity. 80. The Status of the Artist project will be implemented to ensure recognition of the professional, social and economic status of artists. 81. Government will review the regulatory framework for the Rights Management Society for better representations of rights holders. 82. A Mauritian History and Culture Museum retracing history from the creation of Mauritius up to the Modern time will be set up. The Museum will also depict the different stages of how our country has been populated, the different cultures as well as our economic evolution. 83. A “Stade Musical” comprising state-of-the-art technology in terms of podium, sound and light facilities will be constructed to enable local artists as well as international stars to give performances in a highly professional environment. 84. Government will set up a National Centre for Performing Arts as well as multicultural National Troupe to promote cultural diversity and artistic capacity building. The Port Louis and Plaza theatres will be rehabilitated. 85. Better support and facilities will be made available to Mauritians undertaking pilgrimage to holy lands. 86. A holistic strategy based on our shared moral and cultural value will be devised in partnership with the media, the civil society and educational institutions to tackle the phenomenon of increasing societal ills. PUBLIC INFRASTRUCTURE 87. Over the next five years, public infrastructure and land transport will be a key component in transforming Mauritius into a modern, eco-friendly, vibrant and attractive place to live in, visit and do business. 88. A new, state of the art transport system will provide rapid access and connectivity throughout the country for the population and tourists, fuel economic activities and promote social integration within the country. 89. The existing system of speed cameras, traffic monitoring and sanctions will be replaced by a fairer and more socially equitable system. 90. The light railway project initiated by the previous government will be shelved for the time being on economic grounds. 91. With a view to alleviating traffic congestion along the main arteries of the country, a new road decongestion programme will be put in place. A number of main roads, highways, flyovers and secondary roads will be constructed. 92. The operations of the National Transport Corporation will be re-organised and the national bus fleet modernised to provide better service to travellers. 93. Government will address the long-standing problem of “marchands ambulants” and provide alternative attractive locations to enable them continue their trade. 94. Duty-free facilities for taxi owners will be increased from 70% to 100%. 95. Government will ensure that the construction industry operates according to set standard and international norms. The quality of building materials, such as cement, steel bars and wires, aggregates, concrete and blocks used in construction will be closely monitored and relevant legislations will be harmonised. 96. A Professional Engineering Council Act and a Building Control Act will be brought to Parliament. The structure, staffing and operations of the Construction Industry Development Board will be reviewed. 97. Government will ensure that the Landslide Management Unit (LMU) becomes fully operational for the surveillance and investigation of the known suspected areas. 98. The National Development Unit (NDU), now under the aegis of the Prime Minister’s Office, will be provided with resources and means so that the expectations of our citizens in terms of infrastructure and amenities are fully met. 99. The role of the Citizen’s Advice Bureau (CAB) as the interface between government and the public will be reviewed and improved. PUBLIC UTILITIES 100. Government will bring major reforms to the public utilities sector, especially in relation to domestic water supply, electricity production and distribution as well as waste management. 101. Government is committed to addressing, on a priority basis, the long-standing problem of water supply in the country. Water resources will be mobilised and infrastructure including pipes renewed or replaced to reduce water loss and ensure year round water supply. 102. The Bagatelle Dam will be completed within a year and a new dam will be constructed at Rivière des Anguilles to improve water supply in the South region. 103. The capacity of La Nicolière reservoir will be increased to satisfy growing demand in the North. 104. New technologically advanced water treatment plants will be constructed at La Nicolière, Bagatelle and Rivière des Anguilles. 105. Government will consider new projects for construction of dams along rivers and further development of ground water to mobilise additional water resources. 106. Government will undertake a review of the wastewater master plan to ensure the most competitive wastewater disposal technology for environmental protection. It will address the sanitation problems in the former CHA housing estates and the regions which are vulnerable to environmental hazards related to wastewater disposal. 107. Energy is an important sector, considered as the engine for economic development. The supply of electricity on a continuous basis is essential for the economy and the population at large. The Power Sector Expansion Plan will be updated to provide realistic projections for the next decade. 108. Government will review the institutional framework for the power sector and operationalise the Utility Regulatory Authority to ensure sound competitiveness in the energy sector and protect the interests of consumers. 109. Government will launch a Renewable Energy Programme so as to encourage the production of energy from renewable sources. 110. Government will ensure the timely implementation of power sector projects to meet the demand for electricity. The redevelopment of St Louis Power station will be implemented in the short term. For the medium term, Government will encourage development of generation mix of green energy and clean fossil fuel technology, taking into account the best interests of the country. Government will encourage efficient use of energy at all levels in particular in Government owned institutions. PUBLIC HEALTH 111. Government is committed to providing universal, accessible and quality health services, free of any user cost, with emphasis on customer satisfaction. Special counters will be set in hospitals to deal with the complaints of patients and a special code of ethics will be introduced for health professionals. 112. To ensure that primary health care becomes the lynchpin of our national health system, a new Master Plan on Primary Health Care will be formulated and implemented. The existing system will be re-engineered to reduce pressure on the regional hospitals. 113. For patients needing home care, a system of domiciliary visits by specialised nurses will be established. Dedicated counters will be set up at the level of primary health care centres and hospitals to cater for the needs of the elderly and disable persons. 114. In view of increasing demand for eye operations, ophthalmology services will be decentralised. 115. A second Cardiac Surgery Centre will be set up to cater for the increasing demand for cardiac surgery. 116. A Vascular Surgery Unit will also be set up for the treatment of complex vascular diseases and prevention of amputations. 117. Government will invest in a new Cancer Centre and significant investment will be made in state-of-the-art medical equipment and logistics. 118. A Rehabilitation Centre is envisaged to cater for patients with disabilities following accidents and surgeries. 119. A Special Committee will be set up to ensure timely purchase of quality medicines and wastage elimination in all public health institutions. 120. Awareness and sensitisation campaigns will be enhanced to reach the population at large through an improved communication strategy. 121. Glucose meters will be provided to diabetics receiving medical home care. 122. A new HIV/AIDS Action Plan 2015-2020 will be formulated. The Methadone Substitution Therapy services will be decentralised for the benefit of the patients and the community at large. 123. Government is determined to ensuring that our country takes advantage of the opportunities of the global medical tourism industry. 124. A National E-Health project aiming at improving the quality of service delivery across all public health institutions will be implemented. 125. The Medical Council, Dental Council and Pharmacy Acts will be reviewed in order to be more responsive to the needs and challenges of the health sector. 126. New legislations will be introduced, namely the Pharmacy Council Bill and the Health Professionals Bill, to recognise and regulate allied health professionals. 127. A Private Health Institution legislation will be introduced to regulate the private health sector. Honourable Members SECURITY AND LAW & ORDER 128. Government is fully committed to guaranteeing security and law & order to the citizens of the country and foreigners as well. 129. A zero tolerance policy will be adopted against child abuse, rapes, kidnapping, mafias, drug trafficking and abuse to the vulnerable. 130. The Police Force will be provided with a more conducive working environment in addition to modern equipment and state-of-the-art technology. This includes the acquisition of 18 Light Armoured Personnel Carriers to be used for internal security operations, three new helicopters, and one new Dornier aircraft. 131. A Commission of Enquiry on Drug Trafficking will be set up and Government shall pursue a relentless fight against traffickers, while ensuring that our seaport and airport are equipped with state-of-the-art equipment and technology to counter any attempt to introduce drugs in Mauritius. 132. Government will come up with a modern legal framework modelled on the UK Police and Criminal Evidence Act to address the abusiveness and arbitrariness of the present system of “provisional charges”. 133. Government firmly believes that in order to achieve results, the Police Force must attract and retain the best competencies. To promote transparency and meritocracy, an independent body will be set up to conduct examinations within the Police. Degree holders will be encouraged to join the Force and new incentives will be introduced to reward performance. 134. A central database of criminals will be set up and made accessible online to approved institutions, such as the Passport and Immigration Office and police stations. A separate electronic register of pedophiles and other perpetrators of child sexual abuse will be introduced. 135. Police Stations will be equipped with CCTV and audio recording systems. Investigations will be conducted in a more professional manner with focus on scientific-led evidence rather than confession. 136. Government intends to introduce electronic monitoring bracelets as an alternative to imprisonment for certain types of suspects who have been released on bail with a view to better managing the prison population. 137. Government will establish an independent Police Complaints Commission presided by a former Judge of the Supreme Court to ensure that fundamental human rights of citizens are respected. 138. Police officers will be allowed to syndicate to safeguard their interests. 139. Government will bring reform to the Prison Department to ensure that it is properly manned and equipped, and its officers adequately trained to guarantee a targeted and effective rehabilitation of offenders and their successful re- integration into the community. 140. A new legal framework will be introduced for adult detainees aiming at eliminating structural barriers and reviewing sentencing practices by providing more options for alternatives to imprisonment. 141. A new legal framework will be developed for the detention and management of juveniles in custody. 142. Government will finalise the construction of an open prison for female detainees considered as minimum risk inmates. 143. A Correctional Youth Centre for girls will be set up under the Prisons Department. 144. Government will set up a National Coalition against Domestic Violence Committee under the aegis of the Prime Minister’s Office. The Committee will liaise with the Ministry of Gender Equality, Child Development and Family Welfare and the Ministry of Social Security, National Solidarity and Reforms Institutions to ensure that victims of domestic violence are given immediate shelter in a Government institution and provided with a job and a house within a reasonable time frame to lead a normal life anew. 145. Government will formulate a new immigration policy and reinforce the Immigration Act to cater for increasing cross-border movement of persons and its associated risks. 146. In line with international best practices, Government will modernise the immigration border control system with a view to enhancing the security and safety of passengers. 147. The Counter Terrorism Unit is being reorganised and given new mandates, which will enable it to establish good networking and disseminate timely information to avert threats. 148. Government will introduce necessary legislations to domesticate the provisions of the Hague Convention on the Protection of Children and Co-operation in respect of Inter-Country Adoption. 149. Government will introduce strong regulations to address the issue of fake marriages involving locals and foreigners. 150. Government will streamline existing procedures to promote Mauritius as a prime destination for tourist weddings. 151. Government will closely monitor the sale of property, whether state lands or private lands, to non-citizens, especially in the context of IRS/RES schemes and other business transactions. 152. Air access policy will be reviewed to transform Mauritius into a regional aviation and tourism hub. 153. Government will adopt an accommodating immigration policy with respect to high net worth individuals and investors willing to live in Mauritius. Honourable Members, CIVIL SERVICE 154. Government is committed to building a responsible and responsive Civil Service. In this context, a series of cutting-edge measures will be implemented to bring about a transformational change in the Civil Service with focus on Human Capital Development, Streamlining of Processes and Optimisation of Information and Communication Technologies. 155. Government will introduce a Public Service Bill to clarify and secure the boundaries within the Executive, thus reinforcing transparency, accountability and integrity. 156. The Civil Service College will cater for the training needs of the Public Sector at large, including state-owned enterprises, and serve as a regional centre of excellence in Public Sector Management and Governance. 157. A Public Service Call Centre will be created to act as a one stop shop and information centre to help track applications made by citizens and provide quick information on Government services. JUDICIARY 158. Reforms will be brought to the judiciary to expedite determination of court cases and improve services to the public. A new independent court of appeal will be set up. 159. In line with the MacKay Report of 1997, Government will introduce legislation to set up a separate Court of Appeal Section and a separate High Court Section of the Supreme Court. 160. In the above context, renovations to the Supreme Court Historical Building will be undertaken to accommodate the proposed Court of Appeal. 161. A dedicated state-of-the-art Court Building for the Supreme Court and all its Divisions will be built. 162. The required support services for a full-fledged Family Division will be improved. 163. All District Court premises will be reviewed and upgraded to ensure better services to all stakeholders since the bulk of court cases are dealt with at this level. 164. Government will review and update the Code de Procédure Civile which dates back to 1808. 165. Special witness schemes will be reinforced for our Courts to provide certain facilities to special categories of witnesses. 166. Digital and Audio recording systems will be upgraded to ensure accurate record keeping and speedier delivery of justice. 167. Legal aid fees to attorneys and barristers will be reviewed to ensure adequate legal representation during pre-trial and trial stages to all pauper litigants. 168. Government will update the Criminal Code to provide for new criminal offences, including those related to “Ponzi Schemes”, financial crime as well as offences related to use of technology. 169. The Law Reform Commission will be empowered and further amendments will be brought to the Criminal Code and other laws to ensure that they meet the needs of contemporary Mauritius. 170. Government will review our evidential laws and rules with a view to codifying them in line with recent developments in the Commonwealth. 171. Government will make better provision for the rights and interests of victims and, in particular, provide in the law for representations by or on behalf of a victim to be taken into account at sentencing stage. 172. Government will amend the Criminal Code to provide for a better legal framework for dealing with sexual offences and will enhance the procedural context in which such cases are dealt with. 173. Government will introduce a Juvenile Justice Bill to provide for a more modern juvenile justice system. 174. Government will amend the Curatelle Act with a view to making further and better provision for the administration of vacant estates. Honourable Members, THE ECONOMY 175. Sustainable economic development, wealth creation and equitable distribution of the national cake are fundamental elements in achieving meaningful change. 176. Inspired by the first economic miracle that took our country out of the doldrums in the eighties, Government will steer the economy to a much higher plane of development. New policies will be implemented to boost GDP growth and create jobs. 177. Government will develop new pillars for economic growth, such as the launching of a regional bunkering hub, the development of the ocean economy, the implementation of the duty-free shopping paradise initiative and the ICT Enabled Services sectors. 178. Government will also consolidate traditional sectors – sugar cane industry, tourism and manufacturing - and existing service sectors, namely the financial services industry and promote the expansion of business in Africa. 179. Innovation will be a key driver of growth. In that context, a techno park will be set up to create the right environment for carrying out new research, clinical and innovation activities. 180. Government will also take strong actions to revitalise private investment in existing pillars of the economy with an emphasis on greater business facilitation and improvement of the investment climate. 181. Government will revisit and unlock several investment projects that have been stuck in the pipeline for too long. These projects will be executed on a joint venture basis with the participation of local private sector and international investors. This new approach will instil a new confidence factor in the whole business community. 182. The most critical success factor to the shaping of the second miracle will be the emergence of the new breed of young entrepreneurs and rise of the SME sector as the main engine of growth. 183. To democratise the economy, Government will ensure that SMEs become the backbone of the economy in the years to come. 184. A new SME bank will be set up and some Rs10 billion earmarked by Government to support the development of this sector over the next five years. 185. To achieve a higher growth rate will also require macroeconomic stability. To this end, there will be better coordination of monetary and fiscal policies. 186. Urgent emphasis will be placed on resolving the problem of excess liquidity in our banking system. 187. Inflation will be kept under control and new policies will be implemented to raise national savings. 188. As regards public finance and fiscal policy, Government will not tolerate wasteful, unnecessary and excessive expenditure. The Finance and Audit Act will be reviewed to strengthen public financial management, accountability, transparency and fiscal discipline. 189. Government will implement an equitable tax policy based on the philosophy of ‘fiscalité légère’. 190. Tax administration will be made more efficient and fairer, where all persons liable to tax pay their fair share. New legislations will be introduced to reinforce and modernise tax administration and customs management. 191. A Property Valuation Bill will be introduced to simplify the current valuation system and promote transparency and good governance. 192. Government will ensure that the public sector debt as a ratio of GDP is on a declining trend in order to achieve the statutory requirement of 50 per cent by 2018. 193. Government will revisit the Public Procurement Act so that projects are implemented faster, more efficiently, with greater transparency and better value for money. 194. Government will be merciless in combating the growing illicit gambling activities in order to minimise harm to society. To this end, the Gambling Regulatory Authority Act as well as the institutional framework will be strengthened. 195. A new charter for budget responsibility will be brought forward to ensure that future governments spend taxpayers’ money responsibly. TOURISM 196. The tourism sector will be called upon to play a pivotal role towards achieving the targeted second economic miracle. The development of our tourism industry will be articulated around four main axes, namely Attractiveness, Accessibility, Visibility and Sustainability of the destination. 197. A Tourism Strategic Plan covering period 2016 to 2020 will be formulated. An “Assise du Tourisme” with the participation of all stakeholders will also be organised to chart a roadmap for the sector and to enlist their commitment to Government’s vision of offering a unique tourism experience in a safe and secure destination. 198. In a bid to enhance the appeal of our destination to wider market segments, Government will broaden the tourism product portfolio to include eco-tourism, medical tourism, shopping tourism, wellness tourism, cultural and heritage tourism and grey tourism. 199. Government will re-establish the reputation of Mauritius as an up market destination for the quality of its tourism product based on a brand promise of excellent service delivery. Demand and supply will be balanced in a bid to uphold the quality of our product offer at all times. 200. Government will, in collaboration with the tourism operators, implement an official rating system for hotel classification with a view to consolidating the tourism industry with well-defined criteria for operational standards. 201. Regional tourism will occupy a predominant position in our market diversification strategy. An Africa Strategy, targeting African countries registering sustained growth, will be implemented to capture a greater share of the African outbound tourists. 202. The tourism support institutions will be revamped and reorganised to be more responsive to the needs of tourism operators. The Mauritius Tourism Promotion Authority will be restructured and provided with a new legal and institutional framework adapted to a dynamic institution with a commercial outlook. The Tourism Authority will be transformed into a business facilitator leveraging on new technologies to provide a more efficient service to the stakeholders and reduce the costs of doing business for tourism operators. 203. Air Mauritius being the national airline is the backbone of the tourist development of the country. Government will encourage Air Mauritius to take necessary steps to become more competitive and to sustain the tourism industry. To this end it will have to be restructured to face global competition in the industry. Honourable Members, Agriculture 204. Government will accelerate the reforms already started in the cane industry to make it sustainable and financially viable. Diversification into ethanol production, sucro-chemicals and other activities will be encouraged. 205. Measures will be put forward to ensure that small planters increase their revenues from cane production, bagasse, and other crops. Financial assistance, technical guidance and logistical support will be provided to this end. 206. Special efforts will be made to encourage large scale production of vegetables and other food products on a pooled or clustered basis with a view to reducing the country’s overall food imports. Young entrepreneurs will be encouraged to engage in agricultural activities. 207. Government will take measures to:- • boost production of strategic crops; • encourage agro industry development through regional cross-border initiatives; • explore regional markets for export opportunities; • accompany small planters and agro-entrepreneurs to modernise their production methods, upgrade their skills and professionalise their activities; • promote natural farming and organic production, and • prioritise projects in the ornamental sector for export. 208. Government will address the key constraints of livestock production by setting up special livestock zones in different parts of the island for cattle, goat and pig production. 209. Government will review the terms and conditions of lease of land to metayers to ensure the sustainability of their activities. 210. Government reckons the importance of the Cooperative Sector and undertakes to further strengthen the Cooperative Movement by providing the appropriate legal, fiscal and policy support. Existing cooperatives will be consolidated and facilities for the emergence of cooperatives in new sectors, such as Green Energy, will be put in place. Honourable Members, MANUFACTURING 211. To give a fresh impetus to the manufacturing sector, Government will elaborate an Export Development Plan with emphasis on an Africa Export Strategy that will provide strong support to the Domestic Oriented Enterprises to tap opportunities in the African markets. 212. In parallel, air connectivity between Mauritius and Africa will be improved and lobbying efforts made to secure the renewal of the AGOA treaty will be intensified. 213. The current fiscal incentives will be reviewed for enhanced competitiveness of the manufacturing sector and improve its penetration into the regional and international markets. 214. A new investment promotion model driven by institutional alignment will be formulated based on best investment promotion practices and value-chain analysis to attract investment in high-value added manufacturing activities. 215. Government will promote the development of a fashion industry and organise regular and seasonal fashion shows both in Mauritius and abroad that would make known internationally the ‘Made in Mauritius’ label for greater acceptance of our products in new and emerging markets OCEAN ECONOMY 216. Government is committed to making Ocean economy an important industry to sustain economic diversification, job creation and wealth generation. 217. A new Ministry has been created and the Mauritius Institute of Oceanography as well as all ocean related activities have been pooled together under that Ministry. 218. A legal framework and a unified regulatory body will be put in place to license, supervise, monitor and regulate the activities of ocean related economic operators. 219. Technical co-operation and financial assistance will be sought from international organisations and donor countries to ensure that the new industry starts off on a sound foundation. 220. A new Fisheries and Marine Resources Bill incorporating international norms and practices for modernising the fisheries sector will be introduced. 221. Government will put the fishermen community at the centre of development and will ensure their capacity building and training for improved livelihood. 222. A Marine Pollution Bill will be introduced in line with the International Maritime Organisation Convention. 223. Government will actively promote research expedition in our quest for fossil fuel and other minerals that can be sustainably exploited. Honourable Members, FINANCIAL SERVICES 224. Financial services constitute a key sector of our economy and have a huge potential for growth and job creation. Substance building within the Mauritian jurisdiction will be accelerated. 225. Government will position the Stock Exchange of Mauritius as an attractive capital-raising platform for international and African focused financial products. 226. Efforts will be made to promote the development of wealth management, asset management and position Mauritius as a centre for private placements, trading of bonds and other financial instruments. 227. Multinationals will be encouraged to set up their regional headquarters in Mauritius with more back office activities. 228. Investors will be encouraged to make use of the Mauritian jurisdiction for their investments into and out of Africa. 229. Government will strive to extend the network of Double Taxation Agreements and Investment Partnership and Protection Agreements. TECHNOLOGY, COMMUNICATION AND INNOVATION 230. In achieving meaningful change, technology, communication and innovation will constitute key drivers. In this respect, a National TCI Strategic Plan 2015-2020 will be formulated to pave the way for an Intelligent and Smart Mauritius. 231. Government will expedite the deployment of high speed connectivity through Fibre-to-the-Home (FTTH) and 4G island-wide. The objective is to attain a Broadband Penetration of 60% by December 2015. The delivery of quality service online to citizens and businesses on a round the clock basis will be addressed. 232. Government is committed to setting up the appropriate ecosystem and a comprehensive, secure ICT infrastructure to protect Mauritius from internal and external cyber threats and attacks. The National Cybersecurity Strategy will thus allow Mauritius to manage and expedite both deliberate and unintentional disturbances in the cyber space. 233. A techno park will be constructed in Rose Belle to spearhead the development of the ICT sector. New cyber-cities will be set up in the North, East and West as well. 234. Government is committed to providing the right incentives to position Mauritius as the ‘virtual office’ of Africa. 235. New policies and strategies will be introduced to transform the ICT/BPO landscape into high value service sourcing by moving from the traditional BPO/call centre services to high-end value added services such as Knowledge Outsourcing, Knowledge Process Outsourcing (KPO) and Legal Process Outsourcing (LPO). In this context, a 4-Tier Data Centre and a Disaster Recovery Centre will be constructed for the purpose of Business continuity. 236. To enhance value and improve technical efficiency within the Mauritian ICT sector and to develop local capacity as well as bringing localised ICT tools to help develop local knowledge communities, a National Open Source Policy and Strategy will be developed. 237. The price of Telecommunication services will be made more affordable for increased accessibility to the general public and business while at the same time improving the Quality of Service. 238. One of the glaring gaps identified so far in the ICT sector is the shortage and the right mix-match of skills. Government is committed to introduce viable strategies using a PPP approach to address this shortcoming. 239. Free broadband internet connectivity through Wi-Fi network will be made available in public places and in educational institutions. 240. Digital Migration from the analogue system shall happen on 17 June 2015 in line with the ITU convention. All TV channels will then be on a digital mode. 241. High-tech transmission equipment will be purchased by Multicarrier Mauritius Ltd to improve quality of service and eliminate black spot areas. MCML will enter into agreement with international satellite operators to become a content port to service the region. Honourable Members, AIRPORT AND SEAPORT 242. The airport and seaport sectors will play important roles to service the different poles of economic development of Mauritius. Special emphasis will be laid on connecting Mauritius with different parts of the world through the transformation of SSR International Airport into an efficient regional aviation hub and transforming the Port Louis Harbour into an international maritime hub. 243. The airport will be enhanced and provided with necessary facilities to allow its development into a transit hub. 244. An airport city will be developed which will house a wide range of aviation and commercial activities. 245. A new Port Master Plan Study will be undertaken with a view to tapping the huge potential that the ocean economy offers. Focus will be placed on the emergence of dynamic port related activities such as cruise operation, transshipment and bunkering activities as well as the exploration of the potential for development of the port of Vieux Grand Port. Honourable Members, 246. Government will relentlessly fight fraud, corruption and financial crime. To that effect, a Financial Crime Commission will be set up to act as an apex body to oversee the ICAC, the Financial Intelligence Unit and the enforcement department of the Financial Services Commission. 247. To safeguard people’s financial security and employment, measures will be brought forward to limit household indebtedness. To prevent the possibility of a systemic financial crisis, private sector gearings will be closely monitored and regulated if necessary. 248. Government will eradicate fraud, corruption, malpractices and irregularities in all aspects of public life and restore our national values. To this end, a new Declaration of Assets Act for MPs and high ranking public officers and a Financing of Political Parties Act will be enacted. A new Code of Conduct will be introduced for all MPs and public officers. 249. The entire process of tendering, procurement and contract allocation will be reviewed to increase competition, transparency and accountability. The Prevention of Corruption Act will be amended to enable more effective tracking and curbing of money laundering and accumulation of wealth through back door mechanisms. 250. A significant reduction in misuse and wastage of public funds will be the order of the day in all public institutions. The continued existence of loss making institutions will be thoroughly assessed against the contribution they make to the public. 251. The public sector will be re-organised and reformed to make it more productive, transparent, accountable and customer friendly. A Public Sector Efficiency Bureau has already been set up as a department of the newly crafted Ministry of Financial Services, Good Governance and Institutional Reform. 252. Government will give serious consideration to the findings and recommendations of the National Auditors. Ministers, their accounting officers, and directors of parastatals will be held accountable for abuse or misuse of public funds. Honourable Members, DEMOCRACY 253. Mauritius is a democratic country of immense cultural and ethnic diversity. A consultative and participative decision making structure is thus crucial in meeting the varied ideas and aspirations of our diverse people. 254. The Constitution of Mauritius guarantees fundamental rights and freedom of a citizen of the country, such as: freedom of expression and speech, political opinion, assembly and association. Government is determined to protect these rights and widen the contours of our democracy. 255. Government will adopt a genuinely decentralised and participative approach in decision making and adopt a consultative approach in matters directly relating to the Constitution of the country and in all cases where the interest of the public at large is at stake. 256. An ‘anti defection’ legislation will be introduced to make it more difficult for MPs to cross the floor. 257. Nationwide referendums will be held on matters of utmost importance and relating to public interest as well as on critical amendments pertaining to our sovereignty or Constitution. 258. A Freedom of Information Act will be brought forward to promote transparency and accountability in public administration and more particularly in contract allocations. 259. Journalists and media reporters in the exercise of their functions will no longer be arrested or jailed unless there is strong prima facie evidence of a conspiracy against them. 260. The data bank containing fingerprints and biometric photographs of the new National Identity Cards will be destroyed to protect sensitive personal data of our citizens. 261. The Mauritius Broadcasting Corporation will be re-organised and made more efficient, service oriented and less dependent on Government funding. Private television broadcast will be permitted. 262. Live public debates and telecasts on topical issues and matters relating to public interest will be encouraged. 263. The Electoral Supervisory Commission will be given wider powers to control and sanction fraud, corruption and conflict of interests during election time, and also to monitor political funding and abuse of position or power. 264. Our electoral system will be reformed to introduce a dose of proportional representation in the National Assembly and guarantee better women representation. 265. Government will amend the Local Government Act to consolidate democracy at local level and promote better participation of local councillors in the management of community affairs. 266. Local authorities will be encouraged to implement, as far as possible, self- supporting development projects and sustainable delivery of services. 267. The ‘Government Transformation Plan’ will be extended to the local authorities to allow for online issue of permits and collection of dues via e-payment. THE NATION Honourable Members, DIPLOMACY 268. In the increasingly inter-dependent world, it is essential for Mauritius to play an active role regionally and internationally in order to secure desired outcomes at national level and opportunities abroad. In this perspective, Government will pursue economic, trade, employment and other objectives to ensure that the voice of Mauritius is duly heard. 269. Government will conduct an economy-driven and people-focused diplomacy which aims at delivering greater prosperity, security and opportunities for our citizens. 270. Government’s efforts will aim at consolidating and strengthening existing diplomatic linkages with our bilateral partners and, at the same time, forging new relationships across the world. Government will give high priority to the establishment of an Embassy in Saudi Arabia. 271. A key feature of our diplomatic pursuits will be to conclude growth-inducing bilateral agreements, including comprehensive partnership agreements and preferential trade agreements to respond to our development needs and aspirations as they evolve. 272. Government will endeavour to enhance market access in our traditional markets, at bilateral and regional levels, for our goods and services. In the process, we will step up our engagements for the extension of the third country fabric derogation under AGOA post 2015. 273. We will actively pursue deepened economic engagement with Africa, the new global frontier of growth, in a manner that Mauritius becomes recognised as an important economic gateway to Africa. 274. Government will work closely with like-minded countries to ensure that the concerns of Small Island Developing States are fully addressed in the global fora. 275. Government will step up efforts in bringing about more convergence in the policies among the Regional Economic Communities to which Mauritius belongs. 276. Government will, in collaboration with international co-operating partners and like-minded countries continue to promote and preserve peace and security in Africa and the Indian Ocean region. 277. Government action will focus on the conclusion of the comprehensive Economic Partnership Agreement with Europe and the Tripartite COMESA/SADC/EAC/ FTA Negotiations. 278. Government will also develop strategic economic partnership with emerging economies, with particular focus on the BRICS and accelerate the implementation of an expanded Africa Strategy. 279. Government will ensure that the rights, territorial integrity and sovereignty as well as security interests of Mauritius are fully respected and safeguarded. 280. Government is much concerned at the lack of progress made to date to resolve the long-standing dispute over the Chagos Archipelago. Every effort will be made to speed up diplomatic talks with the UK and US Governments and actively seek the support of the international community in this respect. RODRIGUES AND OTHER OUTER ISLANDS 281. Government is fully committed to supporting the development of Rodrigues and other outer islands as an integral part of the Republic of Mauritius. 282. Air and sea connectivity with Mauritius will be improved as will public infrastructure, electricity and water supplies. Greater technical assistance will be provided in the fields of education, health care, agriculture and poverty alleviation. 283. The support provided for the social and economic development of Rodrigues will be consolidated with the promotion of an enhanced business climate and boosting up development in the field of agriculture, more specifically organic farming, apiculture as well as fisheries and artisanal products. 284. Government will support the setting up of a “Maison de Rodrigues” in Mauritius with a view to better assisting and supporting our Rodriguan brothers and sisters to work and live here. 285. The water problem in Rodrigues will be addressed with the construction of new reservoirs and planned exploitation of available resources. 286. Government will bridge the digital communication gap between Mauritius and Rodrigues with the laying of the submarine optic fibre cable to link Mauritius and Rodrigues thus enabling the emergence of a new ICT economic pillar in Rodrigues. 287. Government will ensure that the needs and requirements of our fellow citizens based at Agalega and other outer islands are catered for. 288. Government will equip Agalega with appropriate amenities including an air strip and a new jetty to improve accessibility and connectivity. In view of its specificity, the use of renewable energy will be promoted there. 289. Government will also come up with new legislation to preserve the fragile ecosystem of St Brandon. CONCLUSION Honourable members, 290. With the advent of a new Government in place, time for the much awaited change in the daily life of our citizens has arrived. The next five years will therefore be a defining era in the economic and social revival of our country. 291. This legislative programme is an important stage of a journey that has just begun. Under the leadership of the Prime Minister, Sir Anerood Jugnauth, Government will create a new economic model based on a number of challenges, namely: • putting in place a people’s government; • fueling growth in the major sectors of the economy; • creating new pillars of development; • creating new jobs for our people; • injecting good governance, transparency and accountability in government business; • tackling security, law and order; • protecting our fragile environment and ecosystem; • fighting poverty and social exclusion; • making opportunities more equal for all our fellow countrymen, and • improving the general well-being of the population. 292. So our creed today is innovative socialism, and all members of Government believe passionately in this vision. In short, the ambition is to create an economy where Mauritius would be a regional reference in entrepreneurship, aviation and tourism, shipping and logistics, technology and innovation, just to name a few. 293. But it will also be founded on the determination that wealth and opportunity must be more fairly distributed across the entire spectrum of the society. Government wants to see an economy where not just our standard of living, but also everyone’s quality of life rises steadily and sustainably in harmony with the environment. 294. This socio-economic vision reflects Government’s belief in the Mauritian genius and entrepreneurship spirit, our sense of social justice and reward sharing. It is a vision of a modern and vibrant Mauritius. 295. The results of the elections of 10th December heralded a new era for meaningful change. But Sir Anerood Jugnauth, his coalition partners and his team alone cannot materialise this vision. Though they have the energy, the ideas and the ambition to get our country back on track, they need the support and participation of our entire population. 296. Time has come to achieve meaningful change. We must turn the page as this is the long awaited opportunity for us all to join forces together, recreate history through a second socio-economic miracle and contribute to the making of a better future for the nation. And that includes everyone of our rainbow nation. 297. If we join together, if we act decisively and move forward with optimism and determination we can address the economic, social and political problems that have plagued our nation for nearly a decade. 298. Together, we can materialise the change the country strongly desires and move towards growth and prosperity. 299. We appeal to the population to participate in our economic reconstruction and nation-building endeavours and help materialise our vision and dreams. 300. We can do that, we can reshape our own destiny and the destiny of the generations to come. Honourable Members, I thank you for your attention and pray that the blessings of the Almighty may rest upon your counsels.","Madam Speaker, as the House may be aware, a Select Committee of the National Assembly was appointed in April 2011, under the chair of hon. Nandcoomar Bodha, to consider the live broadcasting of the proceedings of the House and matters ancillary thereto. I am informed that 11 meetings of the Select Committee were held between April 2011 and January 2012 and I understand that the Committee has completed its assignment and a draft report already exists. In the circumstances and in view of Government’s determination to reinforce democracy in this country, it is proposed to set up a new Select Committee of the House to consider the draft report and to propose firm recommendations to the House.","I wish to thank sincerely the Rt. hon. Prime Minister and the Leader of the House, Sir Anerood Jugnauth, for having entrusted to me the presentation of the motion of thanks in response to the Presidential Address. This is indeed a great honour bestowed upon me, as a member of the National Assembly for the first time, and on the occasion of my Maiden Speech. The great Charles Darwin said, I quote - “It is not the strongest of the species that survive, nor the most intelligent, but the one most responsive to change.” This Government is precisely proposing its programme, for the five years to come, under the title ‘Achieving Meaningful Change.’ Mauritians are both very intelligent and responsive to meaningful change. They know that now is the time for real, positive and decisive change. And that is exactly why they voted this Government into office on the basis of the programme now contained in the Presidential Speech, while vigorously rejecting at the polls the former Government’s electoral programme. Mr Deputy Speaker, je vais poursuivre mon discours en français pour qu’il soit mieux diffusé et compris par la population, du fait que nos médias sont pour la plupart francophones. Tout d’abord, à la faveur de ce ‘Maiden Speech’, je parlerai, le devoir du député l’exige, de ma circonscription de Grande Rivière Nord Ouest/Port Louis Ouest, mais dans le contexte du discours-programme. C’est une honte pour la République de Maurice qu’une des régions de sa capitale ait été aussi négligée par les autorités pendant les quelques dix dernières années. Le discours-programme présente, dans ce contexte, une lueur d’espoir pour ma circonscription. Je suis fière d’avoir été choisie pour la représenter et c’est aussi une des régions les plus défavorisées du pays. Je vais défendre farouchement, et en toute indépendance, les intérêts de mes mandants. Je suis bouleversée par la situation scandaleuse, concernant l’eau, le grave manque de logements décents, les bidonvilles d’une atroce misère, comme à Balloram Lane, Pailles, et ailleurs, l’exclusion socio-économique, le manque d’infrastructures sportives, un grave problème de drogue, l’inégalité et la grande pauvreté qui y règnent - des problèmes d’une ampleur phénoménale. Je me crois autorisée d’invoquer l’esprit du discours- programme pour plaider pour un ‘meaningful change’dans ma circonscription. Et pour me ranger aussi aux côtés de mes mandants dans leur méfiance face au projet de CT Power qui, dans l’état actuel des choses, manque de transparence et leur fait craindre pour leur santé. Ils sont aussi - et je les soutiens - révoltés par une odeur nauséabonde provenant de la station de traitement d’eau usée qui envahit la raison, rendant misérable la vie des résidents, exigeant une solution radicale quel qu’en soit le coût. Nos pêcheurs sont très affectés par la destruction des récifs par la population et les effets néfastes des travaux dans le port, ce qui affecte tragiquement leur gagne-pain et interpelle les autorités surtout dans la région de Bain des Dames. L’ancien gouvernement et l’ancienne administration municipale qu’il contrôlait ont laissé perdurer un grave manque de drains surtout dans les quartiers et morcellements habités, de La Butte à Richelieu, ainsi qu’une absence de diverses autres mesures contre les inondations, une saleté répugnante qui affectent les rues, les cours d’eaux et l’environnement en général. Il y existe aussi un manque d’infrastructures sportives dans des régions comme Camp Benoît, Pointe aux Sables et ailleurs. Et quand il en existe comme à Vallijee, les terrains sont peu ou pas entretenus ou irrigués et restent fermés pendant des mois alors que, par exemple, l’irrigation goutte-à-goutte est une solution pour garder les terrains de foot verts pendant toute l’année. Enfin, il faut créer dans la capitale des routes piétonnières embellies et touristiques comme en Europe ou aux États-Unis, pour concilier les intérêts des commerçants qui ont pignon sur rue avec ceux des marchands ambulants, dont beaucoup viennent de ma circonscription, pour que tout ce monde-là, qui contribue à l’économie interne du pays, puisse opérer et prospérer. M. le président, de l’inégalité, je citerai un philosophe français célèbre, André Comte- Spoville, qui a écrit en 2004, dans son ‘Guide Républicain’- « L’égalité des chances, c’est le droit de ne pas dépendre exclusivement de la chance, ni de la malchance. C’est le droit égal, pour chacun, de faire ses preuves, d’exploiter ses talents, de surmonter, au moins partiellement, ses faiblesses. C’est le droit de réussir, autant qu’on le peut et qu’on le mérite. C’est le droit de ne pas rester prisonnier de son origine, de son milieu, de son statut. C’est le droit d’être libre, en se donnant les moyens de le devenir. C’est protéger l’avenir, autant que faire se peut, contre les injustices du passé, et même du présent. » L’éducation postsecondaire et la formation professionnelle permettront la libération de la pauvreté, si l’égalité des chances les rend accessibles. Bien sûr! Venant d’une famille pauvre, je peux témoigner que je suis sortie de la misère grâce à l’éducation et à la formation professionnelle. J’ai eu la chance d’accumuler une expérience considérable dans les professions de marketing, d’enseignante, de travail avec les femmes et enfants victimes de violence familiale, et de me former professionnellement comme psychologue et avocate. Je me suis fait élire députée pour participer à ce que le discours-programme appelle un ‘meaningful change’ en proposant, entre autres choses, une fourniture d’eau adéquate tous les jours, un programme massif de construction de logements pour les plus démunis, l’éducation tertiaire étendue au plus grand nombre et la création d’un grand nombre d’emplois, par - entre autres choses - un nouveau miracle économique. Je me crois autorisée d’affirmer que l’éducation doit être réformée de manière à être adoptée par nos compatriotes les plus démunis comme l’outil par excellence pour leur libération de leur quotidien de misère et de souffrances. Ainsi, j’accueille favorablement le chapitre sur l’éducation dans le discours-programme. Et cet engagement à la page 6, où le nouveau gouvernement lie directement l’éducation à la libération de l’individu de la pauvreté, je cite - “Government will set up a special financial assistance scheme to help students from modest families to pursue tertiary education and thus contribute to their own economic and social advancement” Cependant, j’insisterai sur la base de mon expérience dans l’enseignement au Canada, que dans chaque classe dans toutes les écoles, on devrait placer un deuxième enseignant. Soit un Teacher Assistant, comme on l’appelle au Canada. Il faudrait recruter et former quelques milliers de Teacher Assistants. Cela permettra aux enseignants de chaque classe de leur déléguer la responsabilité d’offrir un encadrement supplémentaire séparé aux élèves jugés difficiles ou à problème, surtout en retard sur les autres enfants. Ce système permet de réduire les échecs, y compris dans les écoles ZEP. Il existe des diplômes professionnels de Teacher Assistant délivrés dans les grands pays, par diverses institutions postsecondaires. Ces quelques milliers de jobs peuvent être créés très vite. M. le président, petite fille encore, je fus formée politiquement par mon père ouvrier et militant qui me tenait la main pour m’emmener dans les années 70 aux meetings du MMM pour écouter ses plus grands ténors, y compris l’actuel Premier ministre et l’actuel Leader de l’opposition, promettre des changements profonds et transformateurs de notre société, un socialisme à visage humain. Militante précoce, je me suis déjà battue seule, et j’ai obtenu une victoire face à une grande propriété sucrière alors que j’étais collégienne, lorsque les grands patrons ont cédé à ma révolte contre la discrimination, et permis aux enfants des ouvriers et des laboureurs d’aller à l’école et au collège dans les autobus de la propriété. Ce fut un exemple de ‘meaningful change’ qui mit fin à une pratique discriminatoire, et qui a vu aussi l’éclosion de ma vocation de politicienne, inspirée par le désir que notre société soit fondée sur l’égalité des chances. M. le président, je vais essayer d’expliquer l’expression ‘meaningful change’, thème central du discours-programme. La République de Maurice a un besoin urgent d’une renaissance glorieuse après dix années de déclin généralisé. Jamais, dans notre histoire nationale, n’avons-nous souffert concernant nos meilleures valeurs morales, un déclin d’une ampleur aussi grande que durant cette sombre période, venant d’un des niveaux les plus élevés de l’appareil d’État. Puisque l’exemple vient d’en haut, ce déclin s’est aggravé et répandu pour menacer les fondements mêmes de la République en détruisant l’éthique très stricte exigée pour la bonne gouvernance. Nous avons besoin d’un ‘meaningful change’ après tant d’abus de pouvoir, d’érosion de nos valeurs démocratiques, d’arrestations fréquentes et arbitraires de journalistes, de syndicalistes, d’opposants politiques, de protestataires et d’autres personnes exprimant leur désaccord avec le gouvernement du jour. On a fermé le parlement pendant presqu’une année par crainte d’une mise en minorité – ce qui, en droit, au Canada, a été comparé à un coup d’État contre la Constitution de Westminster. Des légistes ont rappelé que ce fut la raison qui valut au roi Charles 1er d’Angleterre d’avoir la tête tranchée par le parlement anglais en 1649. A Maurice, le peuple a pacifiquement décapité l’ancien régime dans un grand sursaut démocratique. Le ‘meaningful change’ est d’importance vitale pour la nation, parce que la norme, durant ces dernières années, a été un manque de transparence dans l’administration publique, allant des nominations, recrutements et promotions en violation de la démocratie, à l’allocation sans appels d’offres de contrats de plusieurs milliards de roupies. Le discours-programme prescrit un ‘meaningful change’ aussi parce que des tendances sectaires et divisionnistes ont été encouragées de l’intérieur de l’appareil d’État, une pratique qui ne peut que fragiliser l’unité nationale. Aucun gouvernement n’a le droit de s’identifier avec un mouvement sectaire, quel qu’il soit, comme l’a fait l’ancien régime, et d’introduire dans l’appareil d’État des gens qui prônent publiquement leur foi dans le communalisme. Le discours-programme vise à ce que la nation tourne le dos aussi à des pratiques de dilapidation des fonds publics atteignant des proportions records, du jamais vu durant toute l’histoire du pays, de par leur ampleur. Cela concerne, entre autres, de nouvelles autoroutes qui se sont effondrées pour avoir été mal construites, pourtant à coups de milliards de roupies, le Bagatelle Dam dont le fond ne cesse de s’enfoncer dans la terre, et des mégaprojets, véritables mirages ou éléphants blancs, comme le Dream Bridge au-dessus de Port Louis et les projets de Jin Fei et de Neotown, dont rien que les préparatifs et les infrastructures préliminaires ont coûté encore des centaines de millions de roupies. ‘Meaningful change’ veut dire la fin de ces pratiques scandaleuses et le retour d’un gouvernement dont le Premier ministre, Sir Anerood Jugnauth, réalisa, en contraste, des mégaprojets magnifiques et productifs comme le Caudan Waterfront, le Midlands Dam ou la Cybercité, méritant pleinement, au passage, le titre de Père de l’île Maurice moderne. M. le président, le discours-programme veut créer une nouvelle île Maurice. Et c’est pourquoi il y a tant de nouvelles têtes dans cette auguste Assemblée Nationale, du côté de la majorité gouvernementale. Le peuple a voulu d’une nouvelle génération de politiciens dont je suis fière de faire partie. Notre tâche sera de guider la nation plus loin en avant en ce 21ème siècle. L’Alliance Lepep a forgé un judicieux mélange entre de nouvelles générations et des aînés de calibre, tel le Premier ministre, Sir Anerood Jugnauth. Et c’est de partout qu’est venu le cri de ralliement du peuple autour de cette alliance durant la campagne électorale, et qui se résumait au mot ‘changement’, reflété aussi dans l’expression ‘viré Mam’. Un mot, une expression, une volonté forte de changement que le discours-programme se devait de refléter. Le discours-programme est un agenda pour la renaissance de notre nation en termes de moralité, de chances égales pour tous, de méritocratie, d’unité nationale, de renaissance économique, de gouvernance transparente et de combat contre l’exclusion et la pauvreté. M. le président, le discours-programme propose un ‘meaningful change’ au niveau de l’organisation et du financement des élections. Un autre changement a déjà commencé pendant la campagne électorale au No. 1 (Grande Rivière Nord-Ouest/Port Louis Ouest) qui s’est déroulé d’une manière civilisée. Ce qui est, je l’espère le prélude aux élections futures. Le respect mutuel a prévalu entre nous et nos adversaires de l’Alliance opposée. Si je dois remercier avant tout ceux qui m’ont élue, je me dois aussi de saluer mes adversaires dont deux ont retrouvé le chemin de cette auguste Assemblée. Certains trouveront difficile de croire que je n’ai pas une seule fois mentionné le nom de mes adversaires lors de mes meetings. Il est donc prouvé qu’on peut gagner une élection autrement. Et qu’il suffit à l’électeur de découvrir le potentiel, la personnalité et les autres qualités positives d’un candidat, ainsi que son programme et celui du parti qu’il représente, pour décider pour qui voter – non pas sa capacité de dénigrer l’adversaire. M. le président, le 10 décembre dernier, la victoire massive de l’Alliance Lepep aux élections générales, fut un signe indéniable d’un ras-le-bol populaire face à la manière de gouverner de l’ancien gouvernement. Le secret d’une victoire d’une telle ampleur se trouve dans le projet de société présenté au peuple Mauricien par l’Alliance Lepep tout au long de la campagne électorale, aujourd’hui officialisé dans les 66 pages du discours présidentiel. M. le président, nous avons un programme magnifique pour gouverner durant les cinq prochaines années. C’est une chance unique offerte au présent gouvernement d’entrer dans l’histoire à la manière des autres gouvernements dirigés par Sir Anerood Jugnauth comme Premier ministre. Ils l’avaient alors fait en apportant un miracle économique sans précédent dans l’histoire nationale. Et un partage accru du gâteau national au plus grand nombre de Mauriciens, faisant reculer la misère et les angoisses qu’elle entraînait dans une majorité de familles jusqu’au début des années 80. Le chômage fut vaincu, les salaires s’améliorèrent, une race de nouveaux petits, moyens et gros entrepreneurs fit surface, et la situation matérielle de tout le monde fit un grand bond en avant. La nouvelle majorité dirigée par Sir Anerood Jugnauth a promis au peuple mauricien un nouveau miracle économique et je ne doute pas qu’on pourra rééditer en tel exploit. Nous avons de quoi pour nous inquiéter de la baisse de l’euro, mais l’optimisme gagne du terrain aux États-Unis, la Chine et l’Inde continuent à investir massivement en Afrique, le continent d’à côté dont nous sommes partie intégrante. Le nouveau gouvernement va offrir à nos PMEs, quelques R10 milliards via une nouvelle banque (page 40 du discours-programme), et aussi des avenues pour leur marketing sur ce continent. En Afrique, les classes moyennes ont dépassé la taille de celle de l’Inde. Elles sont avides de produits d’importation et ont de plus en plus des moyens d’acheter et aussi de faire du tourisme et du shopping duty-free chez nous. L’honorable ministre des Finances et du Développement économique a annoncé que les PMEs deviendront l’épine dorsale de notre économie. Elle joue déjà un grand rôle dans l’économie nationale comme l’ont souligné des économistes, dont un livre sorti récemment, racontant l’histoire de l’entreprise privée depuis les origines du pays sous la Compagnie Hollandaise des Indes, jusqu’à nos jours, ‘In Search of Excellence’ qui affirme qu’il y aurait à Maurice un total d’au moins 175 000 petits entrepreneurs. Un total de 92 000 d’entre eux était officiellement recensé en 2007 par le Central Statistics Office. Il faut y ajouter 20 000 très petits planteurs de cannes, qui vendent leurs produits aux six grandes usines du pays appartenant au gros capital. Ce livre estime qu’il faut y ajouter encore les autres petits et moyens entrepreneurs comme d’autres petits agriculteurs, les éleveurs de porc, les pêcheurs, et les petits commerçants et même les marchands ambulants qui ne vivent que de leurs activités commerciales. Les 92,400 petits opérateurs, parmi les 175 000 estimés par l’auteur, contribuaient à l’économie mauricienne, selon le CSO, la somme de 43 milliards de roupies en 2007. Toujours en 2007, ces petits opérateurs ont investi 1 milliard de roupies, sans compter leurs confrères agricoles et les autres petits producteurs et commerçants. C’est parmi ce type d’entrepreneurs dont le nombre va jusqu’à près de 200 000 mauriciens qu’on trouvera ceux qui démocratiseront l’économie nationale. M. le président, très peu de mauriciens avaient réalisé jusqu’ici que des PMEs sont en position d’entrer, de plain-pied, cette fois, dans des activités importantes d’exportations/réexportations sur notre propre continent, l’Afrique, lorsque celle-ci se réveillera, comme c’est le cas actuellement. L’Afrique enregistre des taux de croissance économique record, qui nous rappellent le réveil des géants comme l’Inde ou la Chine. Il y a eu durant les siècles passés, un ‘playing field’ totalement inégal entre, d’une part, ce qu’on appelle le secteur privé ‘historique’ ou ‘le gros capital’ contrôlé par un tout petit groupe, et, d’autre part, le reste de nos entrepreneurs. Je ne jette pas la pierre sur ce secteur privé qui se considère ‘historique’ car il a bien travaillé et a créé beaucoup de richesses au fil des siècles. Mais l’émergence des petites et moyennes entreprises et de nouvelles grandes entreprises dans une société devenue démocratique apportera certainement une plus grande égalité de chances, où le gouvernement précédent a échoué, c’est-à-dire une véritable démocratisation de l’économie. M. le président, le discours-programme souligne que le pays sera gouverné dans la transparence. Car ce sera un gouvernement avec le peuple et pour le peuple, ce qui a été accepté et largement salué et sanctionné par l’électorat. Cette identification obtenue entre le gouvernement et le peuple est en contraste avec le rejet par l’électorat du pouvoir monarchique et autoritaire qui nous a précédés, et qui s’était juré de perdurer, tout au moins pendant sept ans encore - le peuple mauricien a finalement envoyé ce projet dans les oubliettes de l’histoire. Concernant le projet de diffuser la connaissance de l’histoire nationale comme proposé dans le discours-programme, à la page 20, par un musée de l’histoire et de la culture, c’est une belle initiative. Toutefois, si la vraie histoire nationale continue à ne pas être enseignée, on pourrait voir renaître des dinosaures qui risquent de contaminer les jeunes qu’ils pourraient inspirer encore avec leurs concepts rétrogrades. Ces dinosaures tentent encore d’effacer le miracle économique des années 80 de la mémoire nationale. Nous avons aujourd’hui une nouvelle génération de politiciens qui, au gouvernement et aussi dans l’opposition, et je dirais le Leader de l’Opposition lui-même, voudrait que la nation jette un regard neuf sur notre histoire. Nous voulons faire reculer encore plus, bien des maux, préjugés et malaises qui perdurent depuis l’indépendance, entretenus par une déformation de l’histoire nationale à des fins politiciennes. L’histoire nationale doit être libérée des préjugés et des ethnocentrismes qu’elle a charriés dans pratiquement tous les livres et manuels prétendant raconter cette riche et passionnante histoire mauricienne, d’une époque à une autre. Le refus d’enseigner l’histoire nationale aux mauriciens depuis leur plus tendre enfance dans les écoles et collèges continuera à faire un tort immense à l’unité nationale, ce qu’a d’ailleurs fait comprendre the Truth and Justice Commission dans un langage très clair. Il existe déjà depuis belle lurette une nouvelle tradition académique d’écrire l’histoire nationale sans les visières de l’ethnocentrisme et du fanatisme politique, et la nouvelle génération de politiciens qui a émergé aux élections du 10 décembre doit bien le savoir, quels que soient les partis auxquels ils appartiennent. Je conclus sur ce sujet par une citation du premier tome, publié en 1897, d’un des livres préférés de deux très grands tribuns, les frères Bissoondoyal, Basdeo et Sookdeo, ‘Histoire de Maurice’ par Evenor Hitié, un ouvrage dont les copies du deuxième tome furent, dit-on, brûler par des membres de l’oligarchie économique de l’époque : Evenor Hitié a écrit : ‘le premier livre d’une nation, c’est son histoire.’ M. le président, le discours-programme ne restera pas un vain mot si nous ne réalisons pas ce qu’il propose pour réduire et vaincre les inégalités, la discrimination et le manque de confiance de la population dans l’impartialité de nombreuses institutions, dont l’État lui- même. Ce programme propose à la page 4, ‘A transparent and merit-based recruitment and appointment policy to ensure meritocracy.’ Je cite, à la page 9 – « A considerable number of well-remunerated seasonal jobs will be created in the cruise, shipping and hospitality sectors. The recruitment and training exercise will be carried out in an open and transparent way under the aegis of the Government.” Et à la page 30 – “Government firmly believes that in order to achieve results, the Police Force must attract and retain the best competencies. To promote transparency and meritocracy, an independent body will be set up to conduct examinations within the Police.” On lit à la page 64 que le nouveau gouvernement vise a “making opportunities more equal for all our fellow countrymen.” Notons l’accent qui est mis, de manière répétitive, sur les notions d’égalité des chances et de transparence dans les nominations et les recrutements et aussi, à la page 55, dans l’octroi des contrats. Ce manque de confiance est la source de tous les malaises qui divisent la nation. La situation a empiré durant ces dernières années avec un népotisme et un favoritisme effrénés. On a alloué des contrats, des terres de l’État, des emplois et diverses autres faveurs à une clique dont les principaux membres font chaque jour la une de la presse à la faveur d’enquêtes ouvertes par le nouveau gouvernement. Le discours- programme se propose de mettre fin à ces pratiques inacceptables qui ternissent l’image du pays à l’étranger. Les nouvelles générations de Mauriciens croient de plus en plus dans les notions d’égalité de chances et de transparence. Celles-ci constituent une revendication massivement soutenue le 10 décembre par une révolte de l’électorat contre ce qui a été une violation systématique de ces valeurs pendant presque 10 ans. Presque un demi-siècle après l’indépendance, le peuple mauricien cherche toujours à vivre dans un Etat Mauricien qui donnerait d’en haut, un exemple qui serait suivi par tout le reste des institutions publiques et les institutions privées, en termes d’égalité des chances et de transparence. M. le président, il n’y a pas que les perceptions d’inégalité au niveau de l’éducation, de l’emploi et de l’allocation des contrats. Toutes les composantes de la population, sans exception, doivent se sentir adéquatement représentées à tous les niveaux de l’appareil d’État. C’est d’ailleurs une des raisons de l’existence des sociétés socioculturelles et religieuses qui s’aventurent dans le champ de la politique. Si les perceptions d’inégalités de chances et de représentation persistent, notre société pourrait un jour être livrée à tous les extrémistes qui, croyez- moi, savent en profiter. Le peuple mauricien avait soif d’un changement profond, du fait que de nombreux maux et malaises rongent la société mauricienne depuis trop longtemps. À lire le discours- programme, deux éléments importants en émergent. Premièrement, l’actuel gouvernement y exprime son intention de corriger les nombreux écarts du précédent régime, tout en déclenchant également un nouveau miracle économique. Deuxièmement, il promet de mettre fin à tout ce qui nous divise depuis l’indépendance, soit les soupçons et autres malaises, réels ou perçus, que certains utilisent pour dresser les unes contre les autres, les diverses composantes de notre population arc-en-ciel. Un gouvernement responsable, tout comme les principaux partis politiques qui alignent leurs candidats et cabinets ministériels fantômes ou réels, sur la base d’une telle représentativité s’efforcent de donner le sentiment à chaque composante de la population qu’elle sera adéquatement représentée à tous les niveaux de l’État et de la société. Ainsi, le discours-programme vise à promouvoir l’égalité des chances, y compris dans le recrutement des policiers. Il faut mettre fin aux hypocrisies qui nous dictent que le sentiment d’inégalité et d’exclusion, au niveau de la représentation politique et parlementaire, devrait être dissocié de l’exclusion socio-économique. L’honorable ministre des Finances et du Développement Economique a tiré la sonnette d’alarme sur les conséquences qu’il dit ‘explosives’ de l’inégalité socio-économique, laquelle est source d’une pauvreté abjecte. Mais le sentiment de l’inégalité est aussi dans les esprits. Et le peuple a approuvé par son vote une Alliance Lepep qui a refusé, à juste titre, de mettre fin au système constitutionnel correctif qui rassure toutes les composantes de la population sur le plan de la représentation parlementaire et gouvernementale. Ce système ne fut pas introduit pour accentuer le communalisme, mais, au contraire, pour en atténuer les effets dans le sillage des campagnes électorales où tous les front benches et listes de candidats sont, et seront pour longtemps encore constitués, pour, comme on le dit tout haut et même officiellement, « rassurer toutes les composantes de notre population arc- en- ciel ». Et c’est absolument faux que de prétendre le contraire ou qu’il n’y aurait plus d’arc-en-ciel, qui, en vérité, est une magnifique structure naturelle, à la fois unie et plurielle et qui est, à juste titre, comparé à la nation mauricienne, elle aussi unie autant que plurielle. M. le président, le pays au monde, où la majorité comme les minorités sont les plus protégés, est le Canada. J’y ai travaillé pendant plusieurs années. Dans les entreprises, une hotline est affichée pour toute personne qui se sentirait attaquée dans ses droits pour des raisons de discrimination sur tous les plans, race, qualifications académiques, culture, religion couleur ou genre. Ce pays recense fièrement toutes les composantes de son bel arc-en-ciel multiethnique, multi-religieux et multiracial. Sans ce recensement, il est impossible d’identifier légalement et continuellement les composantes de la population, majorité comme minorité, pour mieux les protéger, tous, sans exception, contre toute forme de discrimination, surtout dans le recrutement et l’emploi dans les secteurs public comme privé. Et, sur le plan scientifique, le recensement permet de mieux comprendre la sociologie du pays et même d’aider aux recherches médicales concernant les facteurs génétiques des maladies chez différentes couches de la population. Ainsi ces recensements revêtent une importance cruciale. Maurice est tout aussi multiethnique, multiculturelle, multi-religieuse et multiraciale que le Canada. Qui dit égalité des chances, dit aussi représentativité à tous les niveaux. Une femme noire venant de Haïti a été chef d’État du Canada au nom de la reine d’Angleterre. Le fils d’un immigré venu de Chine y a été gouverneur de la province d’Alberta. D’autres ressortissants nés dans d’autres pays comme l’Inde y sont ministres et députés. L’honorable Premier ministre, Sir Anerood Jugnauth, a toujours affirmé qu’il adhère à un principe de représentativité équitable pour toutes les composantes de notre arc-en-ciel, afin d’éviter au pays de glisser dans une situation de méfiances mutuelles explosives. Nous partageons tous aujourd’hui, de ce côté de la chambre, cette même vision d’une protection électorale et postélectorale adéquate de toutes les composantes de la population. Une population dont feu Sir Kher Jagatsingh, un grand tribun travailliste, disait, avec raison, qu’elle n’est en fait composée que de minorités : « We are all minorities » avait-il un jour proclamé. M. le président, il y a aussi l’écart entre les riches et les pauvres qui s’est creusé davantage durant les dix dernières années, et qui avait pourtant reculé durant le miracle économique des années 80, gravées dans l’histoire nationale comme ‘les années Jugnauth’. Les chiffres officiels publiés par l’ancien gouvernement via le Bureau des Statistiques, ont d’ailleurs révélé que cet écart n’a cessé d’augmenter ces dernières années. Et c’est tout naturellement que le premier geste du nouveau gouvernement a été d’alléger la misère de ceux qui sont tout au bas de l’échelle socio-économique, et qui ne dépendaient que d’une ou deux maigres pension pour leur survie dans une Ile Maurice qui ne peut même pas leur offrir un repas décent chaque jour de l’année. Un effort national considérable est nécessaire pour toute la nation pour assurer, comme le promettait Mao aux Chinois, un ‘bol de riz’ au minimum tous les jours à un milliard de compatriotes. Un miracle qu’il a réussi tout comme nous l’avons réussi dans les années 80. Le gouvernement et les entrepreneurs grands, moyens et petits, doivent tous contribuer à l’accomplissement d’un nouveau miracle économique. M. le président, je résumerai nos taches gouvernementales prioritaires du discours- programme comme suit – • Il nous faut appliquer avec diligence les notions de démocratie, la liberté de la presse, de transparence, de méritocratie, d’égalité des chances, d’unité nationale embrassant toutes nos populations de Maurice, Rodrigues, Agalega, et des Chagos. • Il faut en finir avec ses relents de communalisme et de sectarisme dont les deux seules sources sont une perception d’inégalité socio-économique et une autre de sous- représentation à tous les niveaux de l’État comme de certaines sections du secteur privé au niveau des recrutements et des promotions. • Il faut en finir avec des contrats publics alloués sans transparence, pour en finir avec la corruption, qui, en vérité ruine ce pays. • Il nous faut créer un environnement urbain et rural durable dans un environnement naturel qui menace de disparaître à jamais, et faire face aux changements climatiques. • Il nous faut une meilleure qualité de vie, que nous donnera aussi une renaissance économique nationale. • Il nous faut la bonne gouvernance d’un secteur public et d’institutions paraétatiques à la dérive dans beaucoup de cas. • Il nous faut une politique étrangère, qui préconise une action diplomatique au service des intérêts nationaux au plan du développement économique. Et aussi, last but not least, une politique qui vise la récupération de nos îles illégalement occupées de Tromelin et des Chagos. Un mot encore sur la liberté de la presse, surtout lorsque je considère le «balance of facts » entre cette liberté, parfois abuser, comme c’est le cas même en France, d’une part, et la tentation autoritaire qui s’est manifestée à Maurice ces dernières années, d’autre part. Je ne suis pas Charlie, mais je félicite le gouvernement pour avoir promis ceci à la page 57 du discours-programme concernant les membres de la presse – ‘‘Journalists and media reporters in the exercise of their functions will no longer be arrested or jailed unless there is strong prima facie evidence of a conspiracy against them”. Une autre des grandes décisions pour renforcer les libertés démocratiques et la destruction promise de données biométriques des détenteurs de la nouvelle carte d’identité. Il a été démontré que ces données peuvent être piratées - et l’ancien Premier ministre s’était lui- même abstenu de se procurer cette nouvelle carte et donc de soumettre ses propres données biométriques. On peut facilement imaginer ce qu’il pensait de sa propre décision - « Fais ce que je dis, mais ne fais pas ce que je fais. » Je vous remercie, M. le président, et je suis aussi reconnaissante envers la Chambre, Gouvernement comme Opposition pour l’attention réservée à mon premier discours prononcé à l’Assemblée nationale. Merci. Mr S. Rutnah rose and seconded."
184,841,0.6104,,"your, question, put, ask, you, please, answer, let, want, me",Ask your question!,"Question, please!",Please put the question!
72,837,0.5787,,"jhugroo, ganoo, hon, ramful, mrs, perraud, mahomed, dookunluchoomun, sinatambou, roopun",Hon. Jhugroo!,Hon. Jhugroo!,Hon. Yerrigadoo!
32,830,0.6984,,"clause, ordered, stand, deleting, part, bill, amended, amendment, replacing, agreed","Madam Speaker, the Protection of Human Rights Act was amended in 2013 by introducing section 4A, so as to allow a convicted person or his representative to apply to the National Human Rights Commission requesting the latter to conduct an inquiry as to whether there exists sufficient fresh and compelling evidence to refer the case back to the Supreme Court for a review of the proceedings. I am informed by the National Human Rights Commission that two applications have been received since 2013 for inquiry to be carried out as provided under section 4A of the Protection of Human Rights Act. Inquiry in the first case, received on 10 July 2014, is ongoing and same is expected to be completed by mid-2015. I refer the hon. Member to my reply to Parliamentary Question No. B/15 of the sitting of 10 February 2015. In regard to the second application dated 28 July 2014, the Commission is presently gathering additional information regarding the conviction, over and above the information provided by the convicted person.","Madam Speaker, on a point of order, I would like to get your guidance on it. We are debating a Bill. The Bill proposes an amendment to a Schedule. We have to approve this new Schedule. So, we have to approve having the DPP’s office under the Attorney General’s Office and I am giving reasons why I think that this House should not approve the Second Schedule, in as far as it is making the DPP’s office no longer an item on its own, but a sub-item under the Attorney General’s Office. So, I would like to know in what way what I am talking is not relevant, Madam Speaker.",MOTION STANDING ORDERS – PROGRAMME-BASED BUDGETING - AMENDMENT
26,817,0.4764,,"mohamed, shakeel, hon, you, please, he, your, said, this, not","Yes, hon. Mohamed.","Hon. Mohamed, did you ask the floor? No! That’s alright. Hon. Leader of the Opposition!","Hon. Mohamed, you made your point. Do not make a statement, please! You made your point!"
47,810,0.5315,,"air, airport, mauritius, ltd, flights, the, of, and, for, to","Madam Speaker, with regard to part (a) of the question, I am informed by the Airport Terminal Operations Ltd that Mrs N. S. was granted access to the VIP Lounge at the Sir Seewoosagur Ramgoolam International Airport on 71 occasions …","Namely, 35 departures and 36 arrivals. I find it strange how is it 35 departures, but 36 arrivals between 21 September 2008 and 26 November 2014. In regard to part (b) of the question, no official request was made for such facilities in favour of Mrs N. S. at the level of Home Affairs Division of the Prime Minister's Office, which is responsible for processing of applications and grant of access to the VIP Lounge. However, such requests in respect of Mrs N. S. were made by the Private Office of the former Prime Minister directly to the Airports of Mauritius Ltd. or Airport Terminal Operations Ltd. These requests were not made through the normal channel. Thus, there is no information in which capacity Mrs N. S. benefitted from such facilities, but the public knows how and why she was granted such facilities.","From the reply of the Deputy Prime Minister, I understand that he is dead against the use of jet skis in our lagoons. Then, do I understand that Government will shortly take a decision to ban the use of jet ski?"
48,803,0.4278,,"suspend, sitting, hour, half, minutes, one, members, hours, for, 30","Hon. Members, I suspend the sitting for us to attend the presentation of the Government Programme 2015-2019 by the President in the Sir Harilal Vaghjee Memorial Hall, where the sitting will be resumed. Ten minutes after the departure of His Excellency, the President, the sitting will again resume in the Chamber for the continuation of the business of the House.",I suspend the sitting for one and a half hour for lunch.,I suspend the sitting for half an hour for tea.
75,801,0.9549,,"prsident, le, de, je, et, la, que, des, ce, les","Je comprends que ce n’est pas grave. Excusez-moi, M. le président !",This gentleman took office on the next day; it was on 31 December.,We have not yet discussed at Government level what stand we are going to take. As soon as we are ready we will do the needful and we will approach the President.
162,789,0.4535,,"speech, you, your, please, silence, quiet, continue, said, no, keep",Are you challenging the rights of the Speaker?,Are you challenging the rights of the Speaker?,"Please, allow him to complete his speech!"
29,782,0.643,,"rent, rental, 22030, building, parking, space, item, slots, lease, rented","Mr Deputy Speaker, Sir. With regard to part (a) of the question, I am informed by the Master and Registrar that both the Pamplemousses and Rivière du Rempart District Courts are located in the same rented building situated in Pamplemousses. The details regarding the terms and conditions are as follows - (i) The lease agreement started on 16 October 2013 and will end up on 31 October 2018. (ii) The monthly rent payable is Rs400,000 exclusive of VAT escalating annually at the same rate as the Consumer Price Index established by the Central Statistical Office or 5% per annum whichever is the higher. Mr Deputy Speaker, Sir, with regard to part (b) (i) and (ii) of the question, Government has in the 2015-2019 programme provided for the review and upgrading of all District Courts premises to ensure better services to all stakeholders. As regards Pamplemousses Police Station, I am informed by the Police Department that it is housed in a rented building owned by Mrs Sohawon Bibi Azizah. It is of approximately 2917 square feet and is situated at Royal Road Pamplemousses. The Lease Agreement has been renewed for a period of two years with effect from 01 February 2014, at a monthly rental of Rs37,500, as recommended by the Valuation and Real Estate Consultancy Services, Valuation Department. As regards the construction of new buildings for Pamplemousses Police Station and restoration of existing ones, I am also informed that provision has been made in the 2014 Budget for the construction of a new Police Station at Pamplemousses. In that connection, a portion of land of the extent of 0A 45 P has been acquired by the Government and vested with the Prime Minister’s Office. Preliminary design of the new Police Station is in progress at the Architecture Section of my Ministry and is expected to be completed by mid-March 2015.",Can I ask the hon. Minister if any tender exercise was carried out before these premises were rented and if he can give the name of the owner?,"From the information provided to me, in July 2013, the Judiciary launched public advertisement inviting prospective owners to submit a building for rent to house both the District Courts, but only one, Mascarene Court submitted an offer."
84,780,0.3346,,"order, please, continue, out, said, you, side, feet, ordering, wait","Order! Order, please!",I shall resume when there is some order.,"Order, please! Order!"
46,755,0.8123,,"pension, basic, retirement, pensions, fund, social, beneficiaries, npf, invalidity, age","“One graduate per family. But after that, he forgot to add: “One unemployed per family”. Ene somer par famille avek ene fosse certificat.","Madam Speaker, the hon. Minister of Finance just mentioned that, at least, 74 people took the Voluntary Retirement Scheme and that was done in the context of the DBM being restructured. Now that the hon. Minister has just announced that we are not going to go ahead with the strategic Partner, will the DBM consider reintegrating those people who had been misled into opting for voluntary retirement on the basis that the Bank was going to close down?","Now, he asks for his pre-retirement leave! He gets his pre-retirement, his golden handshake."
116,745,0.319,,"continue, finished, finish, conclude, please, try, you, okay, yes, let",I have taken…,I have nearly finished.,"Well, anyway, I think I have finished with him."
43,732,0.3218,,"rodrigues, regional, assembly, de, our, in, et, for, la, republic","Mr Deputy Speaker, Sir, after the removal of all cyclone Bansi warnings over Rodrigues on Saturday 17 January 2015, I led a Task Force to Rodrigues comprising representatives of the National Disaster Risk Reduction and Management Centre, the Special Mobile Force and the Central Electricity Board. On Sunday, 18 January 2015. The main objective of the Task Force was to take stock of the impacts of Cyclone Bansi in Rodrigues and to ensure that prompt action is taken by the concerned authorities regarding reconstruction works. This exercise was carried out jointly with representatives of the Disaster Committee of Rodrigues. Fortunately, except for the electricity network and agriculture, Rodrigues did not suffer considerable damages in terms of infrastructure and buildings, and no casualties were reported. At the time of the visit, around 80% of the electricity network had already been restored. With the support of the Task Force, the whole network was restored after a few days. In the circumstances, the need for the setting up of a Rodrigues Rehabilitation Emergency Programme is not felt. However, during the visit of the Task Force, certain works were identified for disaster risk reduction and mitigation. These include the gradual replacement of the ‘Radiers’ located along the coastal roads by bridges, construction or rehabilitation of drains along existing roads as appropriate and the construction of a flood wall. The Public Infrastructure Division of the Rodrigues Regional Assembly has been advised to look into the execution of these works. The Ministry of Public Infrastructure and Land Transport has agreed to provide technical assistance whenever required. With regard to part (b) of the question, coastal erosion was noted between Anse des Anglais to Grand’ Baie. My Ministry will shortly arrange to send experts from the Japanese International Cooperation Agency presently working at my Ministry and a team of officers to carry out a technical assessment and to advise the Rodrigues Regional Assembly on remedial measures. Thank you.","Given the fact that the Mauritius Trochetia is the only vessel which is serving Rodrigues to make the liaison within the islands of Rodrigues and Mauritius and the Mauritius Trochetia is going to dry dock for maintenance, can I ask the hon. Minister what are the dispositions he has taken so as to ensure liaison between the two islands and whether the hon. Minister is contemplating lowering the airfare so as to allow people to move freely from Mauritius to Rodrigues?","Mr J. Leopold (Second Member for Rodrigues): Thank you, Madam Speaker. Madam Speaker, before I come with my maiden speech, I would like to draw the attention of the House to the catastrophic situation which took place yesterday at Port Mathurin filling station. Thanks to God that the incident occurred when all five tank takers on the filing station were empty. If only one of them had contained petrol, an explosion would have taken place, thereby destroyed everything in a one-kilometre radius. Important structures like the Court of Rodrigues, the central power station, the Police Headquarters and the port would have been at risk, with the Mauritius Trochetia currently anchored, and all major decision-making institutions of Rodrigues would have been destroyed. It makes us once again reflect upon the urgency to develop the port of Port Mathurin as per the Port Master Plan. During the visit of the hon. Minister of Finance and Economic Development recently in Rodrigues, we had highlighted this issue with him and in the Port Master Plan as far as fuel depot is concerned so as to make Port Mathurin safer. There is a provision to set up a petroleum island in Rodrigues. Madam Speaker, I rise tonight humble by the responsibility placed in me by the people of Rodrigues but, first and foremost, allow me to congratulate you, Madam Speaker, for your elevation to your high office. May I also join the chorus of congratulations that has echoed around this Chamber to congratulate all the hon. Members of this House for having been elected by their respective electorates. I am very honoured indeed to enter this Chamber as representative of the OPR Party (Organisation du Peuple de Rodrigues) for the electorates of the autonomous island of Rodrigues. I would like to sincerely thank the electors of the autonomous island of Rodrigues for showing confidence in my ability to represent their interests here in this House. I succeed one of the greatest members and campaigners I believe this House has known, the first Rodriguan who got elected in 1982 and served his constituency as Minister of Rodrigues under the name of Mr Louis Serge Clair. He is the leader of the OPR Party through which both hon. François and I are proudly representing the interests of our island here, in the decisive House."
65,732,0.4218,,"price, column, petroleum, products, stc, per, valorem, 870, oil, importation","Next question, hon. Uteem! STC - MOGAS & GAS OIL – MONEY COLLECTED (No. B/27) Mr R. Uteem (First Member for Port Louis South & Port Louis Central) asked the Minister of Industry, Commerce and Consumer Protection whether, in regard to Mogas and Gasoil, he will, for the benefit of the House, obtain from the State Trading Corporation, information as to the amount collected, in terms of – (a) excise duty; (b) Maurice Ile Durable levy; (c) contribution to Road Development Authority; (d) contribution to Rodrigues transportation and storage; (e) contribution to the Build Mauritius Fund; (g) contribution to subsidy on Liquefied Petroleum Gas (LPG); (g) flour and rice, and (h) Value Added Tax for 2014 and estimated for 2015, indicating if Government will consider reviewing the various components of the price structure thereof to bring down their prices.","Mr Deputy Speaker, Sir, I am informed by the State Trading Corporation that, with regard to Mogas and Gas Oil, the amount collected in respect of the various components are as follows – S/N Payable to Product 2014 2015 Rs M (Estimated) Rs M (a) Excise Duty Mauritius Mogas 1,896 1,966 Revenue Gas Oil 738 886 Authority (b) Maurice Ile Mauritius Mogas 53 55 Durable Levy Revenue Gas Oil 67 81 Authority (c) Contribution to Road Mogas 325 337 the RDA Development Gas Oil 391 470 Authority (d) Contribution to Rodrigues Mogas 9 29 Rodrigues Subsidy Fund Transportation and Gas Oil 11 43 Storage (e) Contribution to Ministry of Mogas 176 728 Build Mauritius Finance Gas Oil 224 1,075 Fund (f) Subsidy on Rice, State Trading Mogas 263 273 Flour and LPG Corporation Gas Oil 336 403 (g) VAT Mauritius Mogas 1,107 1,171 Revenue Gas Oil 1,147 1,462 Authority Mr Deputy Speaker, Sir, as regards the last part of the question, I propose to consult my colleague, the hon. Minister of Finance and Economic Development on the possibility of reviewing the price structure for Mogas and Gas Oil.","Mr Deputy Speaker, Sir, only six days before the announcement of the new price structure, the hon. Minister gave an interview to the press and it is important to have announced a substantial fall in the price of Gas Oil and Mogas, and I quote – “La decision de faire baisser les prix, fait ressortir le ministre, sera prise afin que la population mauricienne se rende compte tout de suite que l’Alliance qu’elle a portée au pouvoir, tient à respecter son engagement pris pendant la campagne electorale pour rendre la vie des mauriciens moins pénible. » May I know from the hon. Minister, why is it that only one month after coming into power they are getting back to what was one of their central themes in their electoral campaign?"
153,724,0.5888,,"education, university, mauritius, students, training, tertiary, and, of, the, in","Thank you, Mr Deputy Speaker, Sir. Can I ask the hon. Minister how many Bangladeshi workers have been recruited since July 2005 up to now?","Mr Deputy Speaker, Sir, according to the record available at my Ministry, there are currently around 38,843 foreign workers in Mauritius among whom 7,815 Indians, 3,114 Chinese, 21,252 Bangladeshi, 112 South Africans and 6,550 from other countries. It has been the policy of the Ministry of Labour, Industrial Relations and Employment to allow companies to have recourse to foreign labour when the skills required are not available locally. In this regard, there are guidelines in accordance with section 4(1) of the Non-Citizens (Employment Restriction) Act, 1993 for applications for work permits. The renewal of work permits is presently being considered on a case to case basis so as not to cause prejudice to companies which already have projects or orders in hand. However, as I indicated earlier to my reply to PQ B/30, in line with the Government Programme 2015-2019 to the effect that the recruitment of foreign workers will be limited to scarcity areas and the work permit regulations will be reviewed, I am reiterating my proposal for the setting up of a high level committee under the aegis of my Ministry to look into the issues relating to employment of foreign workers in general, including the review of existing regulations, the streamlining of procedures, the need for a security bond or deposit, the ratio of foreign workers to local workers as well as the proper operation of recruitment agencies.","With regard to the same issue and as the question puts it reviewing the ratio and with a view of reducing local unemployment and now since I see that there is a new portfolio to that Ministry which is very good news that specifically of training which is an excellent and welcome news, would the hon. Minister consider - since now he holds the portfolio for training - to enlist, since I gather the MITD (The Mauritius Institute for Training and Development) as well as the Human Resource Development Council is now, I hope, under his portfolio, since he is - if I am not mistaken now, as I said good news - the Minister of Training?"
71,704,0.3012,,"rutnah, lepoigneur, hon, lobine, nuckcheddy, gobin, please, yes, unparliamentary, charmante",Hon. Gobin!,"Who use unparliamentary words? Hon. Rutnah, please do not use unparliamentary words!",Hon. Rutnah!
51,695,0.597,,"tourism, hotels, hotel, tourists, tourist, in, the, authority, to, for","Mr Deputy Speaker, Sir, I am informed by the Tourism Authority that it has received five applications for the operation of jet ski for the period July 2013 to December 2014. Thereafter, the Tourism Authority issued five Letters of Intent as follows - • Sports Craft Enterprises on 25 July 2013, at Black River; • Blue Shell Co. Ltd. on 23 July 2013, at Pointe aux Piments; • North West Fun Ltd. on 23 July 2013, at Trou aux Biches; • Watercraft Enterprises Co. Ltd. on 31 July 2013, at Pointe Jérôme, and • Cap Nord Ltd. on 02 December 2014, at Cap Malheureux. I am also informed that the Tourism Authority has issued Tourist Enterprise Licences and Pleasure Craft Licences to the following three companies - • Blue Shell Co. Ltd., which started operations on 27 December 2013 • North West Fun Ltd., which started operations on 30 December 2013 • Sports Craft Enterprises, which started operations on 12 May 2014 The conduct of jet ski activities were subject to conditions imposed by the Tourism Authority and clearance from the Ministry of Fisheries. The licences of Blue Shell Co. Ltd and North West Fun Ltd were suspended on 30 December 2014 for non-compliance with the main conditions imposed by the Ministry of Fisheries. Mr Deputy Speaker, I am further informed that the Ministry of Ocean Economy, Marine Resources, Fisheries, Shipping and Outer Islands has on 30 January 2015 advised that with a view to reinforcing conservation of the marine eco system, it will not entertain any application for jet ski in Mauritius waters. The Tourism Authority has been requested to take note for compliance. In regard to sea kart, I am informed by the Tourism Authority that six Letters of Intent were issued for the period February 2014 to January 2015, including one which was issued nine days before the General Elections. Subsequently, five were cancelled due to non- compliance with the conditions and withdrawal of applications. One Letter of Intent is still valid up to December 2015. The Tourism Authority has issued a pleasure craft licence to Fun Adventure Ltd. which is valid until April 2015. Mr Deputy Speaker, Sir, the Ministry of Fisheries has advised that the operation of Sea Kart can only be carried out outside the lagoon and excluding – (i) Identified potential aqua culture sites; (ii) Marine protected areas; (iii) Diving sites, and (iv) Dolphin watching sites. The conduct of this activity is, therefore, being closely monitored and a decision thereon will be taken by the Tourism Authority at the appropriate time in the light of the advice of the Ministry of Fisheries.","I thank the Deputy Prime Minister for his reply. True it is that this activity attracts a lot of tourists, but he will agree that the way it is being carried out right now is in a very irresponsible and unsustainable manner. What we need to do is to supervise that activity.","Is he aware that, on 01 August 2006, the issue relating to that ‘madame là’ was raised here, and Minister X. L. Duval replied? Then, she was appointed - same lady - Director of Tourism Authority, travelled all over the world on missions which had nothing to do with, supposedly, her appointment…"
111,694,0.5583,,"csr, ngos, foundation, social, funds, fund, organisations, guidelines, to, that","Madam Speaker, in my New Year address to the Nation, I indicated that relations between Government and socio-cultural organisations would henceforth focus on our partnership to address problems within our society, including the erosion of values. Obviously, we shall actively continue promoting together our rich and diverse religious, cultural and linguistic heritage. The use and misuse by the former regime, of religious and socio-cultural platforms that had been converted into political platforms have been prejudicial to national unity. Hence, I decided to act, and the decision I announced in my New Year Speech is not only a Government decision, but a political one as well. The issue of bringing legislation to give effect to this decision does not arise. I expect politicians on all sides to be responsible enough to adopt this line of conduct.","As I have mentioned, my Ministry is making the arrangement.","Madam Speaker, with respect to parts (a) and (b) of the question, I am informed by the National Empowerment Foundation that the information is being compiled and will be tabled. With regard to the name of the suppliers for CIS and CCIS, I am tabling the list as provided by the foundation."
89,667,0.6252,,"salary, advisers, adviser, advisor, monthly, mr, salaries, allowance, extra, contract",My point is: are they still being paid as a consultant?,"Are they still being remunerated, paid as a consultant?","Madam Speaker, I am informed by the Mauritius Football Association that the services of Mr Didier Six have been enlisted by the MFA and the Professional Football League on a seven months contract basis as from 16 January 2015 to act as General Manager, National Technical Director and national coach of Club M and will be renewed for a further period of two years. I am further informed by the MFA that he has been paid the sum of 35,000 euros at the time of signature of the contract. During the seven months’ period he will be paid a monthly salary of 10,000 euros. That amount also includes the salary of his assistant, Mr Alain Happe who will also be in charge of the female football team. Mr Didier Six will also be provided with accommodation and transport facilities. Furthermore, Mr Didier Six will regularly communicate with the press on progress made by our national team."
92,666,0.4713,,"act, bill, rs, clause, of, or, to, the, and, for",I take it that with the new legislation everything will be reviewed?,"The Local Government Act is different. The Bill we are bringing will be very different from that and I just said, insofar as hon. Members of Parliament are concerned, there is no problem.","Hon. Bhagwan! Hon. Bhagwan, please! PUBLIC BILL Second Reading THE FINANCE AND AUDIT (AMENDMENT) BILL"
61,649,0.8442,,"road, driving, accidents, traffic, safety, drivers, police, fatal, vehicles, roads","Madam Speaker, I am fully aware of this nuisance caused by increasing number of motorcycles with modified silencers. I wish to inform the House that Section 83 (3) of the Road Traffic (Construction and Use of Vehicles) Regulations 2010 provides that – “No person shall - (a) fit on the exhaust pipe of a motor vehicle any extension or other device likely to cause excessive or unusual noise; or (b) alter the silencer in such a way that the noise caused by the escape of the exhaust gases is made greater by the alteration.” The same legislation also provides that any person who contravenes Section 83 (3) of the Act shall commit an offence and may be liable to a fine not exceeding Rs10,000. To address the ongoing problem, the Police de l’Environnement carries regular checks and establishes contraventions against riders. For the years 2013 and 2014, a total of 1220 and for the month of January 2015, 78 contraventions have been established. With a view to curbing down this offence drastically, the following measures will be implemented – (i) an opération “Coup de poing” will be undertaken by the six teams of Police de l’Environnement throughout the island for a period of two weeks; (ii) an awareness campaign will be undertaken to sensitise the public on the provisions of the law and associated fines; (iii) training will be given to the regular Police on the enforcement of the provisions of this piece of legislation to enable the whole Police force to take firm actions against contraveners in the future; (iv) the strength of the Police de l’Environnement will be also increased, and (v) provision for stiffer penalties including seizure of motorcycles will be also looked into.","Regarding this issue, there would be an opération coup de poing, the hon. Minister has just mentioned. Can I ask the hon. Minister to ensure that this operation takes place at night because we know all those who have modified their motorcycles do venture in illegal rallies at night and this is where most disturbances are being caused?","Madam Speaker, I am informed by the Commissioner of Police that on 09 January 2015, in the morning, a road accident was reported at Vacoas Police Station. The accident involved a van owned by the Tourism Authority. It was driven by one Mr L.M.S.A, a Manager of the Authority to whom the vehicle was allocated."
77,647,0.7882,,"bus, buses, transport, route, nlta, routes, operators, the, travel, ntc","Madam Speaker, just after assuming office, the hon. Minister made a statement to the effect that duty-free vehicle would be given to marchands ambulants. Can I ask the hon. Minister how this measure will be applied and what is the time frame for the application of such measure?","Is the hon. Prime Minister aware that according to information, this van in question was driven by someone who was a former employee of the Tourism Authority and only reinstated in his position as employer of Tourism Authority after the accident?","May I ask the hon. Minister to table figures that have been carried out on consultancy services not specifically meant for the light rail transit, but all those which came to the conclusion that the light rail transit will be the best option for the Republic?"
53,644,0.7168,,"metro, express, project, rail, light, transport, urban, the, hill, and","Hon. Mahomed, next question! LRT SYSTEM PROJECT – CONSULTANCY SERVICES (No. B/84) Mr O. Mahomed (Third Member for Port Louis South & Port Louis Central)asked the Minister of Public Infrastructure and Land Transport whether, in regard to the Light Rail Transit System Project, he will state the amount of money successive Governments have spent in relation thereto in terms of recruitment of consultants and consultancy services since the implementation thereof in Mauritius has been envisaged.","Madam Speaker, with regard to the Light Rail Transit System, a number of consultancy services have been carried out. The first study, in fact, dates back as far as 1991. Most of the studies were carried out in relation to the transport system in general, with the Light Rail Transit System as an option. I am informed that the first payment was, in fact, effected in 1993. The information requested is, therefore, being compiled and will be tabled in due course.","Thank you, Madam Speaker. Since we are pleased to learn that the first level consultant work on this matter of light rail was in 1991, which was an excellent idea and still is today, and so many successive governments have spent so much money on this whole consultancy for the project of light rail - and hon. Pravind Jugnauth, I remember, was right when he came in 2010 and tried to push for the whole idea of light railway - could we not, therefore, find out how much money has been really spent by the Republic and whether it is worthwhile not to delay its remaining on the shelf? Lesser the time it remains on the shelf, maybe we will not be faced with another situation where the whole project cost eventually will be another increase that will be more of a problem for us to face if ever we want to implement it."
87,635,0.2945,,"last, question, hon, next, uteem, supplementary, jhugroo, rutnah, ameer, meea","Last question, hon. Ganoo!","Last question, hon. Uteem!",Hon. Uteem has a question.
59,633,0.3577,,"thank, you, hon, minister, much, very, please, yes, ms, dental","Before we proceed, let me thank the hon. Minister for his well- wishes and assure the hon. Minister that I will convey them to Madam Speaker as soon as I see her next.","Thank you, Madam Chairperson.","I am grateful for the answer given by my friend, hon. Callichurn, but I would like to take him back to the item on which I have asked a question earlier on in relation to Victoria House."
56,620,0.505,,"papers, ministry, laid, report, annual, table, notice, ended, office, original","Madam Speaker, the Papers have been laid on the Table - A. Prime Minister’s Office – The National Identity Card (Extension of Validity Period) (Amendment No. 3) Regulations 2014) (Government Notice No. 228 of 2014). B. Ministry of Finance and Economic Development","Madam Speaker, the Papers have been laid on the Table - A. Prime Minister’s Office – The Reports of the Director of Audit on the Financial Statements of the National Human Rights Commission for the year ended 30 June 2009 and for the period ended 31 December 2010. (In Original) B. Ministry of Finance and Economic Development (a) The Income Tax (Amendment of Schedule) Regulations 2015 (Government Notice No.3 of 2015). (b) The Freeport (Amendment of Schedule) Regulations 2015 (Government Notice No.4 of 2015). (c) The Value Added Tax (Amendment of Schedule) Regulations 2015 (Government Notice No.5 of 2015). (d) The Digest of International Travel and Tourism Statistics 2013.","Madam Speaker, the National Human Rights Commission was created in April 2001 under the Protection of Human Rights Act 1998. The Act was amended in 2012 to create a Human Rights Division; a Police Complaints Division; and a National Preventive Mechanism Division. These Divisions operate under the Protection of Human Rights Act; the Police Complaints Act; and the National Preventive Mechanism Act, respectively. The main purpose of the amendments was to broaden the mandate and functions of the National Human Rights Commission in line with international best practices. However, as mentioned in the Government Programme 2015-2019, an independent Police Complaints Commission presided by a former Judge of the Supreme Court will be created to further consolidate the fundamental rights of our citizens. As regards part (b) of the question, I am advised that the Commission is taking the necessary measures to increase its technical staff while the staffing of the new Police Complaints Commission will be looked into after its establishment."
40,618,0.6693,,"cattle, animals, veterinary, dogs, animal, disease, meat, livestock, msaw, stray","Yes. I know this problem. We have discussed it already with the Lord Mayor and the Chief Executive. I am going to look into it. TURKEY REARING PROJECT (No. B/81) Mr J. C. Barbier (Fifth Member for GRNW & Port Louis West) asked the Minister of Agro-Industry and Food Security whether, in regard to the Turkey Rearing Project, he will state if the experimental phase thereof is now complete and, if so, indicate if turkey chicks will be made available to farmers who are interested therein and, if so, when.","Madam Speaker, I am informed that, in the context of the Turkey Rearing Project, a first batch of 514-day old turkey chicks of reproductive breed Orlopp Bronze was imported from France in October 2013 for reproduction purpose and eventual distribution to interested farmers. The Animal Production Unit of my Ministry has experimented on the adaptability of the imported turkeys to local conditions and has investigated parameters such as fertility, hatchability, growth rate and feed conversion efficiency which are of paramount importance in turkey production. The tests have shown that the turkeys were well acclimated to local conditions. However, one of the main constraints identified was the low fertility rate which has not allowed the desired results to be achieved. Turkey reproduction is facilitated by artificial insemination, a technique which the staff of the Animal Production Unit has not acquired yet. The expertise of the Chinese experts working at Albion under the Chinese Agricultural Technical Cooperation Programme has been sought to impart the necessary training to the staff. I am advised that the turkeys imported in October 2012 have been distributed to some 50 farmers in June 2014. Pending the capacity-building programme and the resumption of the Turkey Reproduction Project, turkeys of commercial breed are being imported and sold directly to farmers. A first batch of 1,000 turkey chicks has accordingly been imported in September 2014. A second batch is planned for May 2015.","Madam Speaker, in fact, assessments and monitoring are being made. Those farmers that are in that kind of breeding are backyard farmers doing artisanal breeding. So, what we are planning to do is, given that the demand for turkey meat is on the high side, we are thinking of revamping or increasing that industry. We are looking at ways and means to get more farmers into the breeding of turkeys so that we could increase more and more people to produce locally the turkey meat."
90,609,0.3521,,"osman, mahomed, hon, question, reza, thank, please, last, uteem, you","A last question on the issue, hon. Osman Mahomed!",Hon. Reza Uteem!,Hon. Osman Mahomed!
132,606,0.39,,"thank, much, you, very, hon, please, dr, ms, gungapersad, mrs",Thank you. Hon. Dr. Sorefan!,Thank you hon. Jhugroo.,Thank you! Not too often!
150,598,0.4288,,"listen, you, hear, me, listening, please, yes, am, let, noise",‘Tone change parti toi.,"Wait a minute, I am coming to you!",Let me come…
186,583,0.7958,,"government, de, gouvernement, le, la, que, des, et, ce, les","Well, I’ll pick up from where hon. Ganoo left. My last question will relate to now that the country is - I think we can all agree on that - en état de choc, being given that in the Electoral Programme of the present Government, it was stated that there would be a new Declaration of Assets Act that will be made public and it was stated also that a law – new law – would come forward to control, to make transparent, les finances des partis et des campagnes électorales. This has been picked up in the Government Programme, but I note that it is no longer said in the Government Programme that these declarations of assets will be made public. There has been a change between the programme éléctoral and the programme gouvernemental – le discours-programme. Will the hon. Prime Minister see to it, being given where we are, that the two things are done as soon as possible - a new Declaration of Assets Act, foolproof, as he said in his electoral program, to be made public? A new Declaration of Assets Act - this is what his programme spoke about - and also that will enlighten what took place in 2000-2005; things will be activated so that a law to regulate, to control, make transparent les financements des partis et des campagnes éléctorales, will be before the House as soon as possible.","Well, this Government means to implement all its promises.","Well, we should not go as fast as to knock ourselves down. We are in Government and we will do what we consider is right."
81,575,0.3738,,"information, circulate, dont, do, have, not, well, aware, can, am","Well, I suppose it is all estimates, but I can’t answer for the Press Officer.","Well, I have no information about that.",I cannot answer to this question. The inquiry is still on.
140,570,0.5796,,"fees, committees, provision, bid, training, payment, departmental, chairperson, members, evaluation","Madam Speaker, with regard to part (a) of the question, I am tabling the information requested. Regarding part (b) of the question, I am informed that the previous Chairman of the Board of Investment did not take any fees and was not paid any fringe benefits. However, the costs of promotion missions in which he participated were incurred by the Board of Investment. The current Chairman draws an all-inclusive monthly fee of Rs70,000 and is not paid any fringe benefits. As far as part (c) of the question is concerned, I am further informed that from 2009 to date, the Board of Investment has undertaken 60 investment promotion missions. These include State Visits with a business component, Minister-led investment promotion missions, as well as BOI-led ones. I am informed that as a direct outcome of the missions conducted by the Board of Investment from 2009 to 2014, there have been 82 projects with a total project value of Rs43.5 billion, of which Rs23.6 billion of FDI and that some 9,700 jobs have been created. Furthermore, the BOI-led export of services promotional initiatives have contributed in increasing the number of foreign students, the number of global business companies as well as the number of foreign patients following medical treatment in Mauritius.","Provision is for the training of staff, fees in connection with the registration of electors and fees in connection with elections.","Provision includes rent, fees for training, for local workshops and training of the audit staff for their growth and development in connection with new approaches and methodologies. Fees to consultant for consultancy services required in connection with testing of slabs and other materials taken during the audit onsite. Subscription fees to professional bodies, subscription fees paid by technical staff, inspection and audit fees. The financial account of the National Audit Office is independently audited by KPMG to demonstrate transparency and good governance of the state of the financial affairs of the office."
93,567,0.3279,,"dhunoo, hon, assirvaden, yes, gayan, ameer, meea, chukowry, soodhun, ramful","Yes, hon. Ameer Meea!","There is another lady - is it a politics of revenge - who lives in Plaine Verte and that lady is past 60 years old, all of a sudden…","Yes, hon. Ameer Meea."
50,565,0.5753,,"adjourn, beg, seconded, 1130, move, assembly, agreed, tuesday, put, rose",On the Assembly resuming at 1.22 p.m. with Madam Speaker in the Chair. ADJOURNMENT,"Madam Speaker, I beg to move that this Assembly do now adjourn to Tuesday 10 February 2015 at 11.30 a.m. The Deputy Prime Minister rose and seconded. Question put and agreed to.","Mr Deputy Speaker, Sir, I beg to move that this Assembly do now adjourn to Friday 20 February 2015 at 3.00 p.m. The Vice-Prime Minister, Minister of Housing and Lands (Mr S. Soodhun) rose and seconded."
74,562,0.3501,,"parliament, parliamentary, you, not, this, is, de, are, que, democracy","As far as Members of Parliament are concerned, I have no objection.",Parliament to Highlands?,Even this is not a good valid reason. The law says every Member of Parliament; it is 30 days after the first sitting of Parliament.
141,560,0.421,,"look, into, will, well, we, yes, matter, it, check, looking","We will have to have some patience; in due course, we will know.",We will take this into consideration.,"I am aware, but we are planning to review the whole system."
73,541,0.2929,,"please, order, no, some, can, one, switzerland, have, davos, require","Order, please!","Order, please!","Order, please!"
49,541,0.4409,,"baboo, bhagwan, hon, foo, armance, kunebacha, mohamed, bholah, osman, mahomed",Hon. Mohamed!,Hon. Bholah!,Hon. Mohamed!
63,537,0.3112,,"ameer, meea, hon, page, question, next, aadil, last, your, please",Hon. Ameer Meea! Last question!,Hon. Ameer Meea!,Hon. Ameer Meea!
136,533,0.6248,,"allowance, payment, provision, allowances, officers, salary, duty, made, staff, hoc","‘The salary and terms and conditions of appointment were as follows - (i) Period of one year starting 17 June 2013, renewed as I mentioned; (ii) Rs82,500 per month as salary; (iii) Driver’s Allowance - Rs8,000 per month; (iv) Petrol Allowance - Rs8,470 per month; (v) Company car of about 2,000 cc from the car pool of the Company or purchased. (vi) A mobile phone for the value not exceeding Rs10,000, and (vii) Rs2,000 monthly free calls. In regard to part (b) (iii) of the question, I am informed that an Audi A4 Auto Petrol 1788 cc was purchased on 23 August 2013 at a price of Rs2,050,000 inclusive of VAT from Allied Motor Company Ltd and put at the disposal of the VIP Facilitation Consultant. Madam Speaker, in regard to part (b)(iv) of the question, I am informed that the duties assigned to Ms J.W. were to facilitate the visit of VIP guests and assist in the organisation of official events. Ms J.W. submitted her resignation on 16 December 2014 just after the General Elections.",This will greatly relieve the financial burden on taxpayers.,"The provision represents uniforms, personal secretariat of the retired Vice-President, payment of monthly allowance of one Clerk and one Typist and one Office Attendant employed by the retired Vice-President, hospitality and ceremony, expenses in connection with all hospitality and functions held by the office of the Vice-President."
177,531,0.4252,,"circulate, yes, will, it, am, can, you, do, okay, later",It has always been a normal practice. It will be done in the same way.,I shall convey that.,Pourrais-je intervenir?
80,497,0.4051,,"ruling, my, you, your, ruled, point, already, order, please, given","And I earned it with respect. I have never sold my country, I have never sold my people, I have never sold any militant. I have not sold my dignity or my soul and that’s why I am able to wear a tie with dignity and with respect, and other than a tie, the noble profession in which I am, enables me to dress in gown, in band and in collar worn by a barrister. And, call me ‘avocat malpropre’ in a comité central, because I, together with my learned friend, who sits today in this Parliament, hon. Kalidass Teeluckdharry defended a young man who was really innocent, who has had nothing to do with a crime. Later on, we were persecuted, victimised, but yet we did our job and because of that, I was even called ‘ène avocat malang’.",I am under your guidance.,"Hon. Tarolah, can you just repeat what you said, did you challenge the decision of the Court?"
151,495,0.3741,,"standing, hon, beg, seconded, house, order, mr, assembly, 173, to","Since the Rt. hon. Prime Minister has said “only two” therefore, it is easy for him to give the names of these two privileged gentlemen or gentlewomen who have been appointed advisers since the last elections?","Hon. Bhagwan, please sit down! I am on my feet! Can I appeal to hon. Members not to lose the time of the House? Please, allow hon. Bhagwan to proceed. You will have the opportunity to reply to him when you intervene.","Madam Speaker, I am very sorry, I must stand on a point of order. My very good friend, hon. Bhagwan, knows that he is out of order when he uses this term in the House, whether it is addressed to an hon. Member or to anyone in general. He is a seasoned politician."
82,491,0.5251,,"house, you, please, sides, decorum, members, this, both, not, am",Is it only because he is a relative to a Member of this House?,For the reason that he is attacking hon. Members of this House.,"Good, very good! Because I was going to remind the House that we took that progressive step more than thirty years ago."
138,489,0.8378,,"football, ground, works, pitch, sports, lighting, stadium, council, playground, renovation","Ok, B/80! PAILLES - FOOTBALL PITCH (No. B/80) Mr J. C. Barbier (Fifth Member for GRNW & Port Louis West) asked the Minister of Local Government whether, in regard to the football pitch situated near the Police Station at Pailles, he will state if consideration will be given for same to be vested with the Municipal Council of Port Louis with regard to the maintenance thereof.","Madam Speaker, I am informed that the football pitch referred to and situated near the Police station at Pailles is not a football ground as per established standard. The plot of State land on which stands this playing field whereat teenagers of this region practice football is only 150 sq ft x 80 sq ft and was formerly being used for illegal dumping of waste. My Ministry had therefore in year 2009 cleaned this site and converted it into a playing field for the benefit of the youngsters of that region. I am further advised that there already exists two football playgrounds at Morcellement Raffray and St. Louis Street, Pailles. However, I am making the necessary arrangement to hand over this playing field to the City Council of Port Louis for maintenance purpose, as requested by the hon. Member.",I thank the hon. Minister. May I know whether we already have engaged some procedures for the handing over of this football pitch at Pointe-aux-Sables to the Municipal Council?
131,486,0.2915,,"sorry, shame, am, excuse, you, pardon, hurts, did, honte, hear","I am sorry, hon. Member!",I am sorry!,It’s an awful shame!
58,483,0.3452,,"chair, address, sitting, position, please, you, comments, dont, your, hon","Order, please! Order! Hon. Bhagwan, please address the Chair!","Hon. Lesjongard, please address the Chair!","Hon. Jhugroo, address the Chair, please!"
79,480,0.3186,,"bill, you, come, court, loi, this, please, commend, it, de","Yes, but hon. Uteem, can I bring you back to the object of this Bill? Can you come precisely to the object of this Bill, and come back to your speech with regard to the Finance and Audit (Amendment) Bill? You can mention, en passant, but you cannot go in extenso into another debate.","So far, from what I have got in the answer, they speak of regulations. Well, we will see when finalising it, if there is need for a Bill, of course, obviously, we will come with a Bill.",Yes. We have the draft Bill already. The draft Bill has been circulated. The IMF also had some views which have moved into the Bill which will come to the House after consultations are completed.
67,479,0.7473,,"cameras, cctv, speed, safe, prison, surveillance, camera, city, police, installed","Thank you, Madam Speaker. May I ask the hon. Minister how many equipment exactly for monitoring noise emitted by motorcycles does the Police de l’Environnement have; if he could give us the exact figure?","Can the Rt. hon. Prime Minister state whether, during the course of the enquiry, investigative authorities or those who are in charge of scientific and/or biological evidence or the photographic department of the Police have secured or taken any photographs of the corpse of Mr A. K. R. hanging?","Can we know from the hon. Minister whether the auditors of the former Director of Audit will also enquire into the purchase of equipment, specialised cameras purchased, and which were being used on only specific occasions and the cost of the equipment?"
134,479,0.5444,,"bill, mauritius, and, of, in, the, to, this, is, be","Madam Speaker, I wish to inform the House that, discussions on the India Double Taxation Avoidance Treaty have been ongoing for a number of years to address concerns raised on the operations of the current tax treaty. I understand that in May 2014, Mauritius had proposed the setting-up of special cells both in Mauritius and in India to fast track the renegotiation of the DTA. As a follow-up, the then Secretary to Cabinet led a delegation to India for the renegotiation. Madam Speaker, the DTA is an instrument of critical importance for both Mauritius and India and has meaningfully served the interest of both countries. We will shortly resume the renegotiation process in a spirit of fairness, equity and transparency and in line with all principles of good governance, whilst also taking into consideration the long-term economic interests of both countries. We will create the appropriate conducive environment for the further development of Mauritius as an International Financial Services Centre. The renegotiation of the DTA with India is now, Madam Speaker, being seen as an opportunity rather than a threat. The forthcoming visit of His Excellency the Prime Minister of India will certainly facilitate this process.","Mr Deputy Speaker, Sir, it is the same issue that we have all over Mauritius, in fact, the implementation of laws and regulations are sometimes haphazard, but I agree that we must ensure that once we have the regulations that they are, in fact, enforced and that is the issue. The enforcement of the regulations is the main issue. EBENE LINK ROAD & VANDERMEERSCH STREET - CONGESTION","Madam Speaker, it is in the Bill. I am trying to refer to this House the reason why this Section has been held to be unconstitutional in the opinion of the Reform Commission. Why, because in Mauritius we have recourse to the Privy Council and there has been a case known as Mohit vs DPP where the Privy Council has reinforced the obligation to have an autonomous DPP’s Office, free from the Attorney General’s Office. Lord MacKay in his Report, he revisited his Report in 2006 precisely to say that, in the light of the judgement of the Privy Council of Mohit versus DPP, the DPP’s Office should be separate and distinct from the Attorney General’s Office, And, it is for that very reason that the Law Reform Commission formed the opinion that the operational autonomy of the DPP’s Office is a Constitutional requirement, and I quote - “Since independence, the salary and other allowances of the DPP appear in Appropriation Acts as a vote item under the Attorney General’s Office. This practice also is unconstitutional and must cease. We, therefore, recommend that henceforth in Appropriation Acts the budget of the Office of the DPP should appear as a vote item for an independent body, as is that of the Judiciary.” So, this is the opinion of Constitutional lawyers, you have Guy Ollivry, one of the leading authority on Constitutional law, you have representatives from the Attorney General’s Office. They formed the opinion that you need to have a vote item especially for the DPP. And I am not here, Madam Speaker, in any way condoning the DPP. In this House and outside this House, we have had chance to criticise the DPP. As a lawyer, I have challenged the opinion of the DPP. That is why Courts are there for. As a politician, I have challenged the decision of the DPP, be it in the Yatin Varma affair or the Med-Point saga or recently when he decided to object to leave which the families of the accused party in the case of l’Amicale went before the Privy Council. As far as we are concerned, we are not here defending the DPP or the present person. We are talking about the office. The office has to be autonomous."
130,477,0.5447,,"security, cleaning, services, item, 22070, contract, 22090, ltd, awarded, service",We will make arrangements so that there is no break in the service.,"As a matter of fact, this has been attended to. But, the point that I want to highlight here is that no maintenance was done and we are seeking assistance from the Special Mobile Force to have special cleaning exercises.","Yes, indeed. The AML Group Corporate Services is a dormant company and will probably be closed down."
101,459,0.6354,,"beach, beaches, coastal, public, erosion, environment, management, authority, and, of","Mr Deputy Speaker, with regard to parts (a) and (b) of the question, I am informed that the Tourism Authority (Dolphin and Whale Watching) Regulations 2012 were promulgated in November 2012 with a view to – (i) ensuring that swimming with dolphins and whale watching activities are carried out in a responsible, orderly, safe and sustainable manner; (ii) disturbance to cetaceans is minimized, and (iii) the safety and security of swimmers and protection of cetaceans are ensured. The regulations provide, inter-alia, that the activity is conducted during specified hours, pleasure crafts keep a reasonable distance from the cetaceans to prevent casualties/incidents by propellers, an insurance cover as well as services of life-savers, medical first aid kit and an oxygen kit are available at all times. I am, however, informed that these regulations have met with much resistance from operators on the ground that they were costly to implement and are therefore not being fully complied with. Mr Deputy Speaker, Sir, I have placed the notion of quality in service delivery at the forefront of my agenda. I will, therefore, review the whole situation in the very near future and take measures as appropriate, in particular training of skippers, the observance of safety and security norms and well-being of the dolphins. Meanwhile, I have directed the Tourism Authority to make an assessment of the situation before deciding on the way forward.","On this point, we have no issue, we are on the same wavelength. The activity should be encouraged because it is popular with tourists and also takes care of the livelihood of a number of people on that west coast. It should be carried on, but it should also be carried on in a way that it does not ruin our reputation with tourists, it does not endanger the dolphins and also it does not endanger the tourists who may be swimming or whatever with the dolphins. So, this whole thing has got to be taken into account. It has taken a lot of time, there is a lot of resistance, but at some point in time, we will have to insist that everything happens according to the rules and regulations and according to what international practice recommends.",With the approval of Mr Seeruttun from the Beach Authority and without notifying the Ministry of Housing and Lands!
192,443,0.3294,,"uteem, thank, yes, you, hon, doolub, okay, please, woochit, lobine","Yes, hon. Uteem!","Yes, hon. Uteem!","Yes, hon. Uteem!"
103,442,0.2896,,"item, please, which, sorry, number, 22900, 21110005, extra, referring, you",Which item are you referring to?,"Item 22900, the last line.",Item 22900.
124,442,0.6295,,"disabilities, persons, disabled, disability, training, employment, with, social, handicap, board","Thank you, Madam Speaker. I heard the hon. Vice-Prime Minister mention that there were only 82 cases of illegal squatters in Tranquebar. The number is actually far greater than this. The 82 cases concern only those who had been identified for relocation in Pointe aux Sables. May I know from the hon. Vice-Prime Minister whether he will carry out a full survey and identify the exact number of squatters in Tranquebar and come up with solutions with regard to those above these 82?",But what about those who have been laid off completely?,"Concerning the ICT Training Scheme, it is provision that is made for appropriate ICT Training to unemployed graduates in the ICT and related fields to create a pool of work ready for workforce. I must add here that the ICT Academy that was set up, in fact, did not deliver. So, we have to review the whole system and the objective is since we have a number of qualified people on the market and at the same time the enterprises are requiring a number of workforce, but there is a mismatch, because they are not fit in for that particular job. We are looking into it. If we can give some kind of additional training to those people so that – even at the end of the day they would not probably be readily employable – they will have to then undergo some other training depending on which enterprise is recruiting them. There was another question…"
86,440,0.8255,,"saudi, hajj, arabia, pilgrims, icc, islamic, embassy, mission, pilgrimage, the","Next question, hon. Mohamed! UNITED ARAB EMIRATES – VISA REQUIREMENT (No. B/182) Mr S. Mohamed (First Member for Port Louis Maritime & Port Louis East) asked the Minister of Foreign Affairs, Regional Integration and International Trade whether, in regard to the visa requirement for Mauritian nationals to enter the United Arab Emirates, he will state if he will consider taking up the matter with the Government of the United Arab Emirates to exempt the Mauritian nationals from such a requirement.","Madam Speaker, as far back as 05 February 2014, a draft visa exemption agreement was submitted to the United Arab Emirates for their consideration. But I do understand that there is a labour problem. There is an apprehension on the part of the authorities there that there might be labour implications. They fear that if no visa is required from citizens from this country that labour problems might arise if people go there and stay and they might not be in a position to trace them and send them back. So, that is why things have delayed but the Ambassador has promised that he will look into the matter.","asked the Rt. hon. Prime Minister, Minister of Defence, Home Affairs, Minister for Rodrigues and National Development Unit whether, in regard to the recent case whereby a Mauritian citizen was found dead and buried in Syria, he will, for the benefit of the House, obtain information as to if – (a) other such cases and/or of Mauritian citizens suspected to be involved in holy war in Syria has been detected, and (b) the anti-terrorist cell is actively monitoring the situation both inland and outside our territory to detect terrorist practices and/or attacks. Reply: I am informed that there is no official record of any Mauritian citizen who has either been found dead and buried in Syria or has been involved in holy war in Syria. In regard to part (b) of the question, I wish to assure the House that the Counter Terrorism Unit of my office is closely monitoring the situation both inland and outside our territory to detect any terrorist activities. BELLE MARE LEISURE WATER PARK – COMMISSION OF INQUIRY - FEES (No. B/263) Mr A. Ameer Meea (Second Member for Port Louis Maritime &Port Louis East) asked the Rt. hon. Prime Minister, Minister of Defence, Home Affairs, Minister for Rodrigues and National Development Unit whether, in regard to the Commission of Inquiry set up by Government in relation to the Belle Mare Leisure Water Park, he will – (a) state who recommended the payment of fees to the Chairperson, assessors and supporting staff thereof, and (b) give a list of those who have been paid their respective fees, indicating - (i) in each case, the quantum thereof, and (ii) when the supporting staff thereof will be paid their respective fees. Reply (Minister of Agro-Industry and Food Security): I am informed that a Committee of Enquiry was set up to inquire into the circumstances of the death of two children at Le Water Park Leisure Village. Payment of fees to the Committee members was not determined prior or following the setting up of the Committee of Enquiry. After the submission of the report to my Ministry, a claim was forwarded on 14 February 2014 for the payment of fees to the Chairperson and members of the Commission as well as the supporting staff. As the fees claimed were not in line with the approved rates of fees usually payable to Chairperson and members of Committees of Enquiry, on 19 February 2014, the advice of the Ministry of Civil Service and Administrative Reforms was sought. On 03 July 2014, the Standing Committee on Fees and Allowances approved the payment of fees to the Chairperson and members of Committee of Enquiry in line with the existing guidelines approved by Government on fees payable to Commissions of Enquiry, Adhoc Committees and Technical Committees. With regard to part (b) of the question, I am informed that in August 2014, the Sugar Investment Trust has effected payment of the following fees – The Chairperson - Rs 46,500. Members (50%) - Rs 23,250. Secretary (30%) - Rs 13,950. With regard to part (c) of the question, I am informed that on 10 September 2014, the Chairperson of the Committee has also made a request for the payment of fees to the supporting staff comprising an Assistant Secretary and Transcriber, a Police Officer and an Attendant. Advice on the quantum of allowance to be paid was accordingly sought from the Ministry of Civil Service and Administrative Reforms. On 09 September 2014, the Ministry of Civil Service and Administrative Reforms has advised that my Ministry should stand guided by the provisions of the PRB Report. However, as no such provisions exist in the PRB Report, my Ministry has requested the Sugar Investment Trust to effect payment to members of the supporting staff at rates to be determined by its Board. ROCHE BOIS – POLICE QUARTERS (No. B/264) Mr A. Ameer Meea (Second Member for Port Louis Maritime & Port Louis East) asked the Rt. hon. Prime Minister, Minister of Defence, Home Affairs, Minister for Rodrigues and National Development Unit whether, in regard to the Police quarters located at the Abattoir Road, in Roche Bois, he will, for the benefit of the House, obtain from the Commissioner of Police, information as to where matters stand as to the proposed pulling down thereof, indicating the projects earmarked for implementation on the site thereof and if procedures have been initiated therefor. Reply: I am informed by the Commissioner of Police that it is not envisaged to pull down the Police Quarters at Abattoir Road, Roche Bois. In fact, the quarters comprise three blocks, one of which has been allocated to the Ministry of Health and Quality of Life since 2011 and is being used as a Methadone Drop-in-Centre. One of the two unoccupied blocks was previously earmarked to be pulled down, as it stands on the track identified for the Port Louis Ring Road Project. The Commissioner of Police has requested the Ministry of Public Infrastructure and Land Transport, to carry out a survey to assess the state of these two quarters to determine whether it would be cost effective to renovate them in the meantime. In the affirmative, the two blocks may eventually be converted into warehouses for the storage of serviceable and unserviceable items. Furthermore, the compound where the quarters are located will be rehabilitated as it is subject to water accumulation and flooding during heavy rainfall. GOVERNMENT CAR POOL – BENEFICIARIES"
60,432,0.2608,,"duval, adrien, hon, xavierluc, richard, please, de, page, le, yes","I can assure my very good friend, friend at the bar, hon. D. Ramful that he should not worry. You are in safe hands in the hands of Sir Anerood Jugnauth, in the hands of Xavier-Luc Duval, in the hands of hon. Pravind Jugnauth and in the hands of hon. Ivan Collendavelloo. We are safe, we have already taken this country out of danger.","No, it’s hon. Xavier-Luc Duval!","We cannot deny that hon. Sir Gaëtan Duval, as he was then, was the architect of the tourism industry in this country."
123,426,0.9388,,"madame, prsidente, la, je, de, et, que, le, les, pas","Madame la présidente, je peux venir avec une autre question supplémentaire par rapport à cette même question ?","Malheureusement, Madame la présidente, je n’ai pas de boule de cristal et je ne peux pas répondre.","Madame la présidente, dans le passé, certaines grandes-gueules…"
100,424,0.3169,,"next, question, please, proceed, madam, ahead, orator, speaker, go, okay",Next question!,You may please proceed!,"No! In the meantime, then, what will happen?"
83,423,0.2788,,"sewocksingh, ms, selvon, david, hon, mrs, jhugroo, page, please, shoprite",Hon. Mrs Sewocksingh!,Hon. Mrs Sewocksingh!,Hon. Jhugroo!
144,419,0.4313,,"year, cancer, 2020, 2021, it, families, 2019, next, 20202021, will","There are five years for election, it is not tomorrow.","Well, I do not know what there will be. I cannot foresee beforehand!","Well, how can we do better than that? We are waiting for the Award. We look forward to get the Award. That is all we can do for the time being."
185,408,0.3533,,"thank, much, you, very, quirin, yes, good, please, compliment, continue",Thank you for the compliment.,"Yes, granted! I grant you.",Thank you.
168,407,0.2666,,"minister, hon, please, mp, jeewadaureeawoo, gungapersad, ganoo, maudhoo, jagutpal, seeruttun",We had this type of Minister in the previous Government!,Hon. Minister!,"Hon. Minister for Social Security, National Solidarity and Reform Institutions!"
68,406,0.3543,,"mamode, abbas, ramful, ramyad, hon, ms, order, dhaliah, ganoo, maunthrooa",Hon. Abbas Mamode!,In the clip ‘viré mam’…,Order! Order!
94,405,0.358,,"apologise, you, withdraw, apologised, okay, word, apologising, apologies, say, me","Yesterday, at Rivière Noire, Dr. Gujjalu said there were bruises on his body. Things are going on the same, Mr Deputy Speaker, Sir.",No complaint whatsoever of any sort has been made by Mr P.T. I pity him!,Do I understand that confession should no more be taken into consideration?
118,397,0.2804,,"crosstalking, please, suspension, tarolah, 102, no, motion, over, conversation, interruptions",Time is over! MOTIONS SUSPENSION OF S.O. 10 (2),Time is over! MOTIONS SUSPENSION OF S.O. 10 (2),"No cross-talking, please!"
126,396,0.7191,,"fire, rescue, station, service, buildings, firefighters, building, certificate, bornes, stations","Madam Speaker, I have an additional question. Is the original scope of work, meaning lampposts to be fixed along the whole Health Track being maintained?","Next question, hon. Ameer Meea! RICHE TERRE - FIRE STATION HEADQUARTERS & TRAINING CENTRE (No. B/119) Mr A. Ameer Meea (Second Member for Port Louis Maritime & Port Louis East) asked the Minister of Local Government whether, in regard to the Mauritius Fire and Rescue Services, he will, for the benefit of the House, obtain therefrom, information as to – (a) if the building presently housing the Port Louis Fire Station is in a derelict state, thus representing hazards and, if so, indicate if remedial measures will be taken for the restoration thereof, and (b) where matters stand as to the proposed construction of a new Fire Station Headquarters and Training Centre at Riche Terre, indicating the expected start and completion dates thereof.","Madam Speaker, I wish to thank the hon. Member for putting this question which illustrates the unprofessional manner in which the previous Government has been running the affairs of this country. In fact, Madam Speaker, the building housing the fire station has been deteriorating and has been left in a state of utter abandonment. The previous Government and the City Council of Port Louis were both aware of the state of the building and the threat and hazard that it represents to the occupants and the firefighters. However, nothing has been done. I am informed that according to a Structural Investigation report from the Ministry of Public Infrastructure, Land Transport and Shipping dated as far back as December 2006 and a report of the Occupational Safety and Health Unit of the Ministry of Civil Service and Administrative Reforms dated October 2009, the building housing the Port Louis Fire Station is unsafe for its users and beyond economic repairs. It is inadmissible that since 2006 no remedial action has been taken and the situation has been allowed to deteriorate. The City Council of Port Louis which is the owner of the building has also failed in its contractual duty to undertake the necessary repairs to the building which is being rented by the Mauritius Fire and Rescue Services, in spite of repeated requests. This Government, being a caring and responsible one, will not remain indifferent to this state of affairs. In fact, I am convening the Lord Mayor, the Chief Fire Officer of the Mauritius Fire and Rescue Services and other stakeholders to a meeting very soon to see how best we can address this problem. In fact, it is envisaged to prepare a comprehensive plan for the complete renovation and/or reconstruction of the building which will include the commissioning of the consultancy services to address issues such as the nature and the extent of repairs required, the planning of works without disrupting the activities of the fire station, the structural proposal taking into account the geological condition of the site and cost estimates. In parallel, we may also consider the acquisition of the land by the Government for this purpose. With regard to part (b) of the question, I am informed that a plot of land of the extent of 16 arpents and 30 perches at Riche Terre has already been vested in my Ministry for the construction of a fire station, the Head Office of the Mauritius Fire and Rescue Services and a training academy. Given the massive financial investments to the order of half a billion rupees to be made, it has been decided that these projects be implemented in the context of an integrated development plan for the Jin Fei site and also in the context of any future harbour and port development."
179,395,0.3878,,"mrs, mr, chairperson, representative, hon, honourable, members, secretary, dr, board",ADMINISTRATION OF OATH TO MEMBER Hon. Shakeel Ahmed Yousuf Abdul Razack Mohamed made and subscribed before the Assembly the Oath of Allegiance prescribed in Schedule 3 of the Constitution and signed the Roll of Membership. PAPERS LAID,"This is the unique country and the unique leadership of Navinchandra Ramgoolam where the setting up of “Universités Marrons” avek certificat marron, certificat fosse has been tolerated by the Labour Party.","The Evaluation Committee, Madam Speaker, consisted of Mrs Fong Weng, Permanent Secretary at PMO, who was the Chairperson; Mr Ringadoo, Mr Serge Petit, Chief Executive, AML; Mr Seenarain, General Manager, Constance Academy, and Mr Teha, Commercial Officer, AML; he was the Secretary."
133,393,0.2526,,"leader, opposition, hon, sport, osman, yes, mahomed, youth, sir, of",Hon. Leader of the Opposition!,Hon. Leader of the Opposition!,… a political agent…
55,393,0.2428,,"quirin, leopold, hon, mohamed, ganoo, bhagwan, riy, wait, cabon, marcel",Hon. Mohamed!,Hon. Leopold!,Hon. Ganoo!
85,393,0.9137,,"gambling, racing, horse, regulatory, gra, authority, betting, turf, sms, pariaz","JET SKI & SEA KART – LICENCES (No. B/23) Mr G. Lesjongard (Second Member for Savanne & Black River) asked the Deputy Prime Minister, Minister of Tourism and External Communications whether, in regard to the licences issued by the Tourism Authority for the operation of Jet Ski and Sea Kart around the island, he will state if his Ministry is envisaging the cancellation thereof.","Ban it for future licences, of course, but the existing licence, you will understand, that it is different, in that the licence has been given, with a question mark as to how the licence was given. We should not also do something that is illegal. It must be done following legal advice from the State Law Office and that is how we operate.","Madam Speaker, I am informed that the Commission of Inquiry on horseracing has already completed its work and is currently finalising its report. I am further informed that the Commission will honour its commitment to submit its final report prior to the start of the 2015 horseracing season. In regard to part (b) (ii) of the question, a total sum of Rs4,790,673.98 representing air tickets, accommodation costs and part payment of fees, has been disbursed so far. An additional sum of around Rs3,008,348 will have to be disbursed on receipt of the final report. This sum represents outstanding fees and expenses for the visit of two Commissioners to Hong Kong in connection with the inquiry. Madam Speaker, I wish to inform the House that my Government is fully determined to fight the mafia that has brought horseracing in Mauritius into disrepute. Once the final report of the Commission is submitted, appropriate action will be initiated."
102,390,0.5136,,"condolences, he, his, was, banner, bereaved, mr, convey, clerk, family","Madam Speaker, I am sorry, I think I missed one page. Dr. Navinchandra Ramgoolam appeared before the Bail and Remand Court on the same day and was granted bail subject to the condition that he furnishes a surety of Rs200,000 and enters into a recognizance of Rs1 m. under each charge. He was released on parole by the Court pending his attendance at Rivière du Rempart and Upper Plaines Wilhems District Courts respectively on 09 February 2015 to do the needful in relation to surety and recognizance. On 09 February 2015, he appeared before the District Courts of Upper Plaines Wilhems and Rivière du Rempart and furnished the required sureties. I wish to point out that according to information obtained from the Commissioner of Police, in the course of the enquiry, searches carried out at the residences of the former Prime Minister at Desforges Street, Port Louis and Riverwalk, Floreal, have led to the securing of a substantial sum of money.","Madam Speaker, I am informed by the Commissioner of Police that, on 10 December 2014, after having received information on a dead body at Beaux Songes, Police officers of Bambous Police Station and officers from different units within the Police went on the site. The dead body was thereafter conveyed to mortuary at Candos Hospital for autopsy. On the same day, the corpse was identified as that of M.T.I.J. Autopsy carried out revealed the cause of death as being “incised wounds of neck”. The case was thereafter referred to the Major Crime Investigation Team for enquiry. As at 06 February 2015, some eight persons have been interviewed and some items have been secured for examination purposes. The investigation is still being pursued by the Police. Once the investigation is completed, the Police will refer the case file to the Director of Public Prosecutions for advice.","I remember hon. Xavier-Luc Duval sitting in Cabinet - and that is not disclosing secrecy - next to the former Prime Minister and basically talking about how things are moving in the right direction according to his vision, the same vision of two leaders. I remember the time that hon. Pravind Jugnauth in this august Assembly, sitting where hon. Baloomoody is sitting, and I remember the time when hon. Bérenger was sitting there and how hon. Jugnauth was criticising hon. Bérenger, and saying that the vision of the Prime Minister …"
62,389,0.589,,"exempted, todays, seconded, order, paper, paragraph, standing, agreed, beg, provisions","Mr Deputy Speaker, Sir, I beg to move that all the business on today's Order Paper be exempted from the provisions of paragraph (2) of Standing Order 10. The Vice-Prime Minister, Minister of Housing and Lands (Mr S. Soodhun) rose and seconded. Question put and agreed to.","Madam Speaker, I beg to move that all the business on today’s Order Paper be exempted from the provisions of paragraph (2) of Standing Order 10. The Deputy Prime Minister rose and seconded. Question put and agreed to. PRESIDENT’S ADDRESS – MOTION OF THANKS Order read for resuming adjourned debate on the following motion of the hon. Second Member for Grand River North West & Port Louis West (Mrs D. Selvon). ""That an Address be presented to the President of the Republic of Mauritius in the following terms - ""We, the Members of the Mauritius National Assembly, here assembled, beg leave to offer our thanks to the President of the Republic of Mauritius for the Speech which he has addressed to us on the occasion of the Opening of the First Session of the Sixth National Assembly."" Question again proposed.","Madam Speaker, I move that all the business on today’s Order Paper be exempted from the provisions of paragraph (2) of Standing Order 10. The Deputy Prime Minister rose and seconded. Question put and agreed to. PRESIDENT’S ADDRESS - MOTION OF THANKS Order read for resuming adjourned debate on the following motion of the hon. Second Member for Grand River North West and Port Louis West (Mrs D. Selvon). ""That an Address be presented to the President of the Republic of Mauritius in the following terms - We, the Members of the Mauritius National Assembly, here assembled, beg leave to offer our thanks to the President of the Republic of Mauritius for the Speech which he has addressed to us on the occasion of the Opening of the First Session of the Sixth National Assembly."" Question again proposed."
117,386,0.3552,,"yes, barbier, bhagwan, sesungkur, hon, please, okay, beechook, jahangeer, page","Yes, hon. Minister Bhadain!","Hon. Barbier, do you have one additional question on the same issue?","Yes, hon. Bhagwan!"
172,381,0.5889,,"debate, natresa, you, but, have, it, not, is, this, we","Yes, that is what I strongly think that some are taking arguments just to score points and sometimes too cheaply.","What I said, hon. Uteem, is that you can mention en passant, you explain, but you cannot go in extenso into that debate.","Please, do not bring me in the debate."
95,380,0.8167,,"artists, arts, artistes, copyright, masa, cultural, artist, heritage, scheme, culture","Madame la présidente, en ce qui concerne l’art et la culture, je note que le programme gouvernemental parle de réhabilitation du théâtre de Port Louis et du Plaza. It’s long overdue! Je plaide que le budget total soit déboursé pour compléter ces projets.","Rien n’a été fait pour la dignité de l’artiste. Nos deux plus belles salles hélas, de théâtre et je salue l’initiative de l’honorable ministre des arts et de la culture pour la transformation de la salle Serge Constantin. Mais il y a deux autres qu’il ne faut pas oublier et je suis sur que c’est le cas. Nous parlons du Plaza, Madame la présidente, et nous parlons aussi de notre théâtre de Port Louis. Malheureusement, ce ne sont plus que des ruines et je dis cela avec beaucoup de tristesse puisque j’ai eu l’occasion de fouler ces planches moi-même, en tant que comédien amateur. Le théâtre de Port Louis, Madame la présidente, qui est un théâtre à l’italienne, est unique dans l’hémisphère sud, unique, Madame la présidente. Je fais, donc, appel à l’honorable ministre des arts et de la culture afin qu’il puisse mettre tout en œuvre pour sauver ces deux belles salles de théâtre et je suis sûre que tout un chacun nous mettrons la main à la pâte pour régler ce problème. Madame la présidente, l’industrie du film et du cinéma peut devenir un autre pilier important de notre pays. Avec les changements que le gouvernement apportera dans le rôle et le fonctionnement de la MFDC, cette industrie connaîtra un nouvel essor. Je vois déjà de nouvelles productions de films mauriciens qui inonderont bientôt nos téléviseurs et nos salles de cinéma. Je peux même proposer des titres à nos producteurs locaux: Chemistry, Koz kozer. Certains pourraient même s’inspirer du célèbre titre de Hemingway, le vieil homme et la mer pour nous donner le pêcheur et le requin.","I’ll circulate it. We want to convert La Citadelle, with the collaboration of my colleague, the Minister of Arts and Culture, into a Centre Culturel for artists, painters, etc.; a bit like Covent Garden, like Quai de la Seine. We are trying to turn it into something more attractive for the people in Port Louis."
119,379,0.7834,,"sme, smes, smeda, scheme, enterprises, business, mauritius, medium, sector, entrepreneurs","Madam Speaker, I am so delighted, in my maiden speech, to address both the Deputy Speaker and Madam Speaker. So, a new SME bank will be set up and Rs10 billion earmarked by Government to support the development of this sector over the next years. Concerning democracy, Government will adopt a consultative approach in matters relating to the Constitution in the interest of the public. Government will also amend the Local Government Act to consolidate democracy. This is of particular interest to me. Une affaire de cœur et de nostalgie. I myself have been a Municipal Councillor for 18 consecutive years and I have been Lord Mayor of the City of Port Louis. I am, therefore, fully aware of the constraints for a Municipal Councillor to perform his duty. There is much to be done at the level of local authorities for the community to benefit. We want to promote better participation for the management of the community through a‘gestion participative’. As you are surely aware, Madam Speaker, needs vary according to regions and specificities of the inhabitants. There is a need for a new Local Government Act which caters for the aspirations of all members of the community, which allows for a mere dynamic environment wherein councillors and employees feel motivated to give the best of services to the local community. Hopefully, this will be taken into consideration with the new Local Government Act in preparation by the committee chaired by the Deputy Prime Minister, hon. Xavier-Luc Duval. Surely, this committee will come out with a very appropriate and democratic policy paper giving necessary powers to Municipal Councillors to administer their local area according to the specificities and needs with which they are fully aware. Even though, the Ministry will still have a droit de regard on major policy matters. I would like to make a solemn appeal to all hon. Members of this Assembly to support my request that the City Council of Port Louis be considered on a different level, an institution with a historical background, being given that it administers the capital city. The capital city is for all of us, and we have to be proud of it, to work for its international recognition. Concerning the National Development Unit, which is now under the aegis of the Prime Minister’s Office, it will be provided with resources and means so that expectations are fully met. The Citizens Advice Bureau will be restructured so as to act as interface and facilitator between Government and the public. This Government cares also for people in Agalega and other outer islands. Agalega will be equipped with appropriate amenities so as to make life better and improve the standard of living for its inhabitants. Madam Speaker, the only reason we are doing all this is because we have a clear mandate, a mandate with carte blanche given by our wise population. People’s expectations are high on this Government, and there is a perception that the priority sectors of development have not yet kick-started. However, you will surely agree with me, Madam Speaker, that the state of affairs prevailing in our institutions are such that prior ‘cleaning’ is indispensable to clear away all existing mess. This is why in this Government we have a full-fledged Ministry for Good Governance. The people of Mauritius has put their trust in l’Alliance Lepep, and we will prove that we are worth of their trust. Madam Speaker, this Government with all the capable leaders, namely the Rt. hon. Prime Minister, Sir Anerood Jugnauth, the Deputy Prime Minister, hon. Xavier-Luc Duval, the Vice-Prime Minister, hon. Showkutally Soodhun, the Vice-Prime Minister, hon. Collendavelloo, hon. Lutchmeenaraidoo, Minister of Finance, hon. Pravind Jugnauth, Minister of Information and Technology and all other Ministers, will put their heads together in the interest of the nation. We are compelled to succeed in our endeavour as we have in this Government three brilliant hon. Members during the period they were in post as Minister of Finance. I am pleased to name here, Madam Speaker, hon. Vishnu Lutchmeenaraidoo, hon. Pravind Jugnauth, hon. Xavier-Luc Duval. The latter was even rewarded on several occasions by international institutions. Sir …","Alright, agreed! Well, there has been a proposal at one time to convert the Bank of Development into an SME’s Bank, but after consultation with the Ministry of Finance and the officers there at the Ministry, we have come to the conclusion that we will need a special SME’s institution that is not a Bank to go ahead with the project of SME Bank. So, the Bank of Development will stay as such. The new Board will have to decide on its future and we are setting up, therefore, a financial institution that will be under the financial sector to cope with the project for the small scale sector.",The 38 pockets of poverty will benefit from the parrainage.
113,379,0.3699,,"withdraw, chamber, you, walk, please, from, leave, member, out, house",I was expelled from this august Assembly because of the 3% they were saying about the MSM. 3%!,Moving of?,"At this stage, the MMM and the Labour Party Opposition Members left the Chamber."
175,378,0.4234,,"electric, millions, milliards, vehicles, le, vous, de, vehicle, les, plus","I don’t have the figures actually, in 2005 up to now, I can tell for 2014, the figure is around 21,252.",And I cannot catch how come 40% and 40% which makes 80%. You can count over there…,"I am not sure, but the situation at the NDU is, I must say, really rotten. The NDU is indebted to the tune of one and a half billion!"
164,377,0.2416,,"order, please, hon, bhagwan, you, ordering, member, jhugroo, out, meea","Order, please! Hon. Jhugroo!","Order! Please proceed, hon. Lesjongard!","Order, please! One last question on this issue! Hon. Mahomed!"
183,375,0.4635,,"sir, mr, speaker, point, order, his, he, thank, our, they","Zot zalou, nou comprend ! Madam Speaker, Sir Anerood Jugnauth is the right man in the right place to face the challenges and to bring redress where need be.",Can I know what words were uttered and by whom?,On the name of Mr D. G.
193,365,0.5179,,"document, copy, paper, it, documents, you, table, letter, just, is","Yes, a certificate! It further says – “We have provided this letter for information purposes only and accordingly we accept no legal liability to you or any other person in relation to the confirmation set out above. This letter is not a substitute for persons interested in the transaction performing their own due diligence (…).” In other words, you go and find out whether what we are saying is true – “(…) in respect of and reaching their own conclusion with regard to the company, the transaction and the documents.” Then, they say – “We are authorised and regulated by and are subject to the applicable rules of conduct of business of the Financial Conduct Authority of the UK.” Then there is another part of the letter where it says that they want confidentiality – “Save for a disclosure to the Prime Minister or Cabinet of Ministers of the Government of Mauritius, this letter may not be disclosed to any person or referred to or quoted in any other context.” Who do they think they are? We went to look for information on this Avendus and we have received the information. If they act as financial advisers, they are not licensed to act as a bank; they are not entitled to hold clients’ money. They are people who act as financial advisers, and that is what they are. Therefore, I am saying that up to now CT Power not having proved its financial capabilities, and on this we insist because the only business which we know the people are involved in is that of being printers. They print posters, T-shirts, but they have nothing to do with power unless they show us the contrary.","But Médine is mentioned in my paper, 11 MW as from July 2015. I skipped that in order not to swamp the House with figures.",Give us a copy of this and the reply!
114,362,0.2209,,"boolell, dr, hon, please, page, you, question, prayag, his, order",Local expert Mrs Boolaky.,"I am just saying! Well, take an appointment with me, I’ll give it to you.","Hon. Dr. Husnoo, can you, please, sit down?"
170,358,0.2847,,"bhagwan, hon, baloomoody, please, page, 390, 101, bhadain, yash, bangkok",Hon. Bhagwan!,"Hon. Bhagwan, please!",Hon. Bhagwan!
91,353,0.3237,,"last, question, one, warning, you, your, supplementary, yes, okay, dernire","Yes? Okay, one last question!",This is the last supplementary question on this.,One last question!
191,351,0.8578,,"waste, dchets, wastes, landfill, solid, management, chicose, mare, plastic, environment","What measures he is envisaging to take so that, in the meantime, these activities are carried out in a responsible and sustainable manner?","So, maybe we could continue and have a proper enquiry to establish why the maintenance has cost so much. Who are the culpable parties? Who are the culprits? And if ever people have to be taken to task and matters reported to the Police, they should be reported to the Police in order to ensure that such issues do not happen again.","Madam Speaker, I am informed that an analysis of the scavenging services at each local authority was carried out by the Local Authorities Governance Unit of my Ministry in 2012 to assess amongst others, the costs of refuse collection services and the fleet profile, namely the types, conditions, age, capacity utilisation and replacement policy of vehicles. The Local Authorities Governance Unit subsequently recommended, amongst others, the introduction of the Global Positioning System for vehicle tracking with a view to help save on vehicle running cost while making better use of the existing fleet and manpower, with a view to improving quality of service. With regard to part (b) of the question, I am informed that a study of waste collection systems in two local authorities was carried by the Faculty of Engineering of the University of Mauritius in 2012. As far as part (c) of the question is concerned, I am informed that, following a procurement exercise carried out on 06 August 2014, the contract was awarded to Navigation and Geocoding Technologies Ltd, the lowest evaluated substantially responsive bidder for the amount of Rs22,221,834.00 (inclusive of VAT). This price also includes the supply of a Geographical Information System software."
109,350,0.6113,,"quirin, hon, beau, bassin, petite, de, la, et, lhonorable, soir","Next question, hon. Quirin!","Hon. Quirin, for how long do you have?","Next question, hon. Quirin! BEAU BASSIN & PETITE RIVIÈRE - YOUTH CENTRES – FACILITIES"
104,350,0.2174,,"lopold, armance, bhagwan, hon, rampertab, aliphon, please, benydin, order, adjournment",Please order!,Order please!,Hon. Aliphon!
76,340,0.2701,,"papers, laid, ittoo, canvassed, already, hon, paper, depoz, clerk, kitsoz",PAPERS LAID,PAPERS LAID,PAPERS LAID
88,338,0.3286,,"rughoobur, bhadain, hon, yes, teeluck, page, teeluckdharry, please, 86, fowdar",Everybody knows who she is!,Hon. Teeluckdharry!,"Yes, hon. Rughoobur!"
78,336,0.2416,,"boolell, dr, hon, jagutpal, thank, gungapersad, page, you, ramdhany, prayag",LIGNE BERTHAUD AVENUE – REHABILITATION,Thank you.,Hon. Dr. Boolell!
176,335,0.3218,,"brenger, ms, joanna, hon, page, thank, you, please, paul, much","Hon. Ramful, next question! PROFESSIONAL REGATTA PIROGUE LEAGUE - EXPENDITURE","Hon. Bérenger, do you have any question?","Yes, hon. Bérenger!"
110,333,0.2618,,"henry, thierry, hon, please, page, you, hansard, your, order, question","Hon. Henry, please!",Madame Speaker: Hon. Henry!,"Le roi lion! And for the son of a labourer to defeat a king in his constituency, who had reigned there for more than 26 years!"
108,327,0.2469,,"adrien, duval, hon, crosstalking, woochit, page, no, dvual, hardy, 331",No cross-talking!,No cross-talking.,No cross-talking!
169,326,0.4084,,"report, reports, it, you, have, that, secteur, submitted, been, is","In any case, I am not aware of any interim report.",Two reports…,"In fact, we are awaiting their final report by the end of March."
99,326,0.2774,,"subhead, page, move, minutes, starts, hon, we, thank, got, start","The second part I have already answered, we will do our best to come as soon as possible. Insofar as the first part is concerned, to me it looks like après la mort, la tisane.","Thank you, Madam Chairperson. At page 19, under Sub-head 2-102, the last item 22900 - Other Goods and Services .901 National Day Celebration.","Madam Chairperson, thank you. In regard to the smart grid, page 48, item 22130 and item 22900 respectively. My question is as follows: with regard to…"
106,325,0.3489,,"yes, prime, minister, viceprime, hon, deputy, workers, jobseekers, please, employment","Thank you, Madam Speaker. The hon. Vice-Prime Minister refers to a number of squatters in the Vallée Pitot Eid Gah area. Is the hon. Vice-Prime Minister aware that there is a problem of landslide and that the officers from Japan Corporation has already issued warning that at any time some of these houses may be in a way crumbled down. In the light of the observations made by the Japanese expert, will the hon. Vice-Prime Minister give an indication what Government intends to do for those people whose houses are at risk?",Because he was the Minister who gave EIA licence!,Hon. Vice-Prime Minister …
161,319,0.5083,,"vehicles, vehicle, nlta, cars, acquisition, 31121801, car, mvl, motor, item",The information that I have is that he was already employed and in that capacity he was driving that van.,"Madam Speaker, I wish to inform the House that my Ministry regulates the importation of second-hand motor vehicles in compliance with the Consumer Protection (Control of Imports) Regulations 1999. According to these Regulations, there are several conditions to be satisfied for the importation of second-hand cars. One of them is that a second-hand car must be between 18 months and 4 years from the date of first registration, at the date of shipment. This condition is, however, not applicable to a certain category of importers who are exempted from such condition. Some of them are: Government bodies, Embassies, religious and educational institutions. Madam Speaker, the present regulations date back as far as 1999, that is, more than 15 years. In the meantime, the landscape of the motorcar business has changed drastically. In this context, I propose to set up a Technical Committee to look into the whole matter relating to the importation of second-hand motor vehicles and to make recommendations as appropriate.","May I ask the hon. Minister, in relation to this Technical Committee, to give consideration to the fact that anyone who import cars should make sure that there is a stock of spareparts available because the number of cars that are imported in Mauritius are outdated and consumers are left without recourse whenever there is a sparepart missing?"
180,318,0.2737,,"sorefan, dr, gungapersad, hon, husnoo, pesticides, padayachy, yes, pesticide, question",Hon. Dr. Husnoo!,"Yes, hon. Dr. Sorefan!","Next question, hon. Dr. Sorefan!"
97,312,0.4116,,"floor, you, give, dont, have, please, hon, do, your, yours","Hon. Rutnah! When I am on my feet, you don’t stand up! Okay!",I have given the floor to hon. Jhugroo. I’ll give you the floor afterwards.,"You should give the opportunity as others also want to have the floor! Please, be accurate and short!"
171,309,0.3636,,"thank, prime, you, hon, minister, viceprime, much, very, la, pour",I thank the hon. Vice-Prime Minister and I …,"Thank you, hon. Prime Minister. Carry on, give me words!","My last question, Madam Speaker. I heard the Rt. hon. Prime Minister thank Professor Philippe Sands, the leader in our legal team, and the local people concerned also, the Solicitor-General and others. Indeed, this is a historic ruling, an important milestone - to pick up the words which the Rt. hon. Prime Minister has used. Therefore, can I suggest - he has thanked Professor Philippe Sands and the others - that the House expresses its thanks and conveys its thanks to Professor Philippe Sands and to his team for the fantastic work done; that therefore the House should - not just the hon. Prime Minister - thank them and address our thanks to them."
155,305,0.3252,,"naming, name, you, names, mention, am, dont, word, named, please",I do not have the names with me…,“Do you know who I am?”,But you have used that word to whom? To whom did you use that word? To whom was it addressed?
194,302,0.32,,"sit, down, please, seated, calm, feet, you, seat, patient, resume","Please, sit down! I am on my feet!",Please sit down!,You can sit back and relax …
167,301,0.7002,,"violence, domestic, gender, victims, cases, protection, women, genderbased, family, domestique","The persecution was not only against lawyers and politicians! The persecution was also against journalists, journalists who were doing their jobs, journalists who were reporting.",There have been violent exchanges. I don’t want to mention any.,"Je ne voudrais pas donner des exemples où il y a eu des viles attaques sur moi-même, sur les membres de ma famille. Mais bon, passons!"
98,296,0.3728,,"perraud, mrs, hon, prime, minister, thank, please, ag, you, hurdoyal",Hon. Husnoo!,Hon. Prime Minister!,Hon. Prime Minister!
112,295,0.5211,,"adjourned, debate, adjournment, seconded, accordingly, move, agreed, put, rose, question","Mr Deputy Speaker, Sir, I move that the debate be now adjourned. Mr Abbas Mamode rose and seconded. Question put and agreed to. Debate adjourned accordingly. ADJOURNMENT","Madam Speaker, I move that the debate be now adjourned. Mr Boissézon rose and seconded. Question put and agreed to. Debate adjourned accordingly. ADJOURNMENT","Madam Speaker, from what I understand from the Deputy Prime Minister, there were two tender exercises. May we know why the first tender exercise was cancelled and whether there were new requirements in the second tender exercise?"
121,271,0.3405,,"shakeel, mohamed, hon, please, yes, supplementary, adsu, last, obviously, bon",Hon. Shakeel Mohamed!,Hon. Shakeel Mohamed!,"There is another lady who all of a sudden, out of the blue, for the first time in her life, has a visit from the ADSU, a whole team. She calls me in a panic, crying. I said what is going on? The ADSU officers have gone there, have searched and obviously there was nothing. They made her sign a document, there was nothing and while leaving an officer of that ADSU told her: “Oh! I see that you kiss Shakeel Mohamed on both sides of the cheek when you see him in front of the Labour Party office!” Then he left. What is this lady supposed to think? Obviously, I am not saying that there is anything sinister. Maybe they were doing their duty. But when you have remarks of that nature, obviously, it puts the fear of God in your heart and says: wait a minute, what is going on? When earlier today we heard that Police officers are saying inne gagne l’ordre depi la haut, it does not mean it is true. I am not saying it means it’s true, that la haut means Government. But, it also means that sometimes you have Police officers who should be more responsible and not use names just in order to make themselves look more important. It gives a bad impression on Government. That is what I am saying. What I am trying to get at here is we need to embrace a politics where all of us unite as one people."
143,261,0.3468,,"jhuboo, jhugroo, baloomoody, hon, please, yes, soodhun, jhummun, dhunoo, wow",Hon.Jhuboo!,Hon. Jhuboo!,"Yes, hon. Jhuboo!"
166,257,0.2349,,"bhagwan, please, comments, david, last, question, hon, no, next, fabrice","Yes, hon. Bhagwan, last question!","Next question, hon. Bhagwan!","Yes, hon. Bhagwan, last question on this issue!"
127,255,0.3512,,"supplementary, yes, you, supplementaries, one, next, thank, please, have, do",Any supplementary?,That’s on combined.,I will reserve this for later on!
135,253,0.2639,,"baloomoody, hon, please, page, balgobin, chair, yes, question, you, address",‘Tone change parti couma chiffon!,"Next question, hon. Baloomoody! CRIMINAL CASES - SUSPECTS – SURETY","On a point of order Madam Speaker, hon. Baloomoody used the word ‘batchiara’ against my colleague Rutnah!"
173,249,0.4114,,"list, circulate, long, can, table, it, items, yes, you, will","But, of course, I undertake to give the figures.",It is such a long list. I will table it.,"Maintenance! So, I don’t have the list here. I think I can be provided with same."
142,244,0.3937,,"table, it, you, can, yes, tabled, will, later, list, advised","Yes, it is still on the table.","I don’t have the figures with me at the moment, but I can table it at a later stage.",Can we have the figure?
190,242,0.5422,,"withdraw, he, him, withdraws, said, withdrawn, word, ask, what, his","Son papa ne savait pas quoi faire. Enfin, je retire le mot ‘papa’.","Okay. He has withdrawn. So, that settles the matter.",He was absent from 21 February to 07 March.
105,239,0.4729,,"resuming, adjourned, rs, debate, read, appropriation, proposed, again, order, bill","Order read for resuming adjourned debate on the Second Reading of the Appropriation (2015) Bill (No. III of 2015) and the Appropriation (2015-2016) Bill (No. IV of 2015). Question again proposed. Mr R. Uteem (First Member for Port Louis South & Port Louis Central): Madam Speaker, the population was waiting impatiently for this Budget, expectations were high. For the first time since 2000, we have a Government with a three-quarter majority. It was the time to take bold decisions; decisions which would tackle head-on the problems of unemployment especially among the youth and women, decisions that would reduce costs of living, decisions that would improve standard of living. Expectations were high, Madam Speaker, because the duo was back – Rt. hon. Sir Anerood Jugnauth as Prime Minister and hon. Lutchmeenaraidoo as his Minister of Finance. During the electoral campaign, creating the second miracle was a major theme. Expectations were high also because days after coming into Office, the Government lived up to its promise of increasing old age pension and gave a salary compensation increase across the board of Rs600. This was followed by the adoption of the Government Programme 2015-2019 with which we did not have any major qualms. With this Budget, now was the time to turn words into action; now was the time for Government to deliver on its promises. Unfortunately, Madam Speaker, this Budget has not lived up to expectations and I am not saying that it is a bad Budget. There are many good measures, popular measures. In classic hon. Lutchmeenaraidoo style, he ensured that after listening to the Budget everybody will go home feeling happy that, at least, there is one positive measure which would impact on his life. Series of small measures with little or no impact on Budget, but which generate a feel good factor. Some were relieved, for example, that there is no increase in tax on cigarettes and alcohol. SMS users welcome the decision to remove the tax on SMS which was levied by hon. Xavier-Luc Duval when he was Minister of Finance. Although now, with free applications like WhatsApp, Viber, most smart users had stopped using paid SMS anyway. Some were happy to get 6 cubic metres of water free. Many of them did not realise that, in fact, all of us pay only Rs45 for 10 cubic metres of water. So, now we will get 6 cubic metres for free, we will pay only Rs45 on the remaining 4 cubic metres. Rs45 is not big money, but still, everybody likes to have something for free. It’s a feel good factor and people were left feeling that: yes, the Government is giving us free water. It is a feel good factor. People left feeling that, yes, the Government is giving us free water. Environment-conscious citizens applauded the decision to ban plastic bags; a measure which was announced by the previous Government, but never really implemented because of the lobbies from the manufacturing sector. The business community was also happy to learn that 70 permits and licenses would be abolished. The hon. Minister, of course, did not mention what permits will be abolished and how many businesses will be concerned by this measure. But, still, it was applauded as a landmark measure to facilitate business. Little do they know, this business community, that the hon. Minister of Finance has actually budgeted for an increase in the amount of licence fees to be collected in the coming eight months. The 3,000 gradués chômeurs were also expected to feel happy that the Government will now pay the fees of up to Rs80,000 per student, per year, for them to follow a course that would apparently, and I quote – “(…)improve their chances of getting a job.” An expenditure, Madam Speaker, which could have easily been avoided if the Government had taken the bold measure of introducing career guidance services to students right from secondary school, because it serves little purpose to a graduate in History, for example, to be told that now he has to do a course in Accountancy or in Biochemistry to find a job, when he stopped studying sciences at Form III level and never actually did any accountancy work. Of course, still for parents who spend their time looking at their children sitting at home, doing nothing, writing hundreds of CVs, attending interviews, it was a positive feel good factor because they felt that, maybe, now, with the reconversion, their children will be able to get a job. Whether this turns out into reality, is a different matter, but, at least, for statistics purposes, the fact that the unemployed are now going to follow a conversion course would ultimately result in a reduction in the unemployment statistics because a student on full-time employment is not a chômeur. Madam Speaker, the Budget is full of these little measures, popular measures; measures for public opinion management. But when we sit down and ponder on this Budget, when we analyse the Estimates and the Public Sector Investment Programme, the inevitable conclusion is that this Budget is not bold enough; this Budget is not ambitious enough; this Budget is not innovative enough. Pour moi, c’est une occasion ratée. Une occasion ratée, Madame la présidente, parce que tous les ingrédients étaient réunis pour un budget de relance, un budget qui aurait pu et qui aurait dû…",Order read for resuming adjourned debate on the Second Reading of the Appropriation (2015) Bill (No. III of 2015) and the Appropriation (2015-2016) Bill (No. IV of 2015). Question again proposed.,"Order read for resuming adjourned debate on the Second Reading of the Appropriation (2015) Bill (No. III of 2015) and the Appropriation (2015-2016) Bill (No. IV of 2015). Question again proposed. Mrs J. Monty (Third Member for Port Louis North and Montagne Longue): Madame la présidente, permettez-moi tout d’abord de presenter comme il se doit, selon la tradition, mes vives félicitations à l’honorable ministre des Finances et du Développement Économique pour le budget présenté cette fois de façon plus accessible. Madame la présidente, mes félicitations et mon appréciation dépassent largement cet aspect de tradition et vient dire bravo au ministre des Finances qui, par son brillant exposé, a été une fois de plus égale à lui-même. Bravo encore, pour le contenu de son discours qui éclaire nettement son souci de redonner souffle à une économie et une croissance essoufflée à évacuer toute forme de stagnation, et à redonner espoir et dignité à une population, hélas, trop longtemps bernée et trahie dans sa confiance. Ce budget, qualifié de novateur, entraîne dans son sillage non seulement des mesures phares, mais traduit de manière implicite un souci marqué de remettre ce peuple debout, de le prendre en charge, et d’enlever la crasse dans tous les secteurs de ce pays qui a, hélas, sournoisement glissé dans les pans de la corruption et sombré si profondément dans les plis du mensonge et de la honte à son sommet le plus haut. Madame la présidente, ce budget vient, comme il a été si bien qualifié, à la croisée des chemins, où les avenues du progrès et du redressement sont clairement dessinés. Madame la présidente, nos secteurs pilliers de notre économie sont à la croisée des chemins, comme l’illustre et le dit si bien le fascicule présenté par l’honorable ministre lors de la présentation du budget : ‘Mauritius at the Crossroad’. En effet, Madame la présidente, nos secteurs phares ont atteint un stade d’essoufflement et, pour le relancer, ce budget est axé sur quatre objectifs majeurs, notamment, orienter l’économie vers l’investissement et l’emploi, assurer un développement durable pour tous, atteindre une plus grande équité en ayant la justice pour tous, et aussi promouvoir la transparence et la bonne gouvernance dans la gestion des affaires publiques. Ces objectifs visés, Madame la présidente, sont en ligne avec nos engagements et nos promesses faites durant la campagne électorale, et pour laquelle nous avons été élus massivement sans conteste. L’alliance Lepep poursuit sur sa lancée en inscrivant le social au cœur de ses actions politiques. Permettez, Madame la présidente, que je parcours les mesures phares. Au niveau de l’infrastructure, décongestionner les centres névralgiques afin de permettre la fluidité au niveau de la circulation est une mission que le gouvernement tient à cœur. Dans cette optique, un fly over sera érigé à la rue De Caen pour réduire le trafic entrant et sortant de Port Louis. Un futur projet grandement novateur pour décongestionner la capitale, sera l’utilisation de ferry-boat entre Pointe aux Sables et Port Louis et Baie du Tombeau. Madame la présidente, un autre volet du projet de décongestion sera le pont reliant Coromandel et l’autoroute, et ce n’est pas pour rien que le grand argentier parle de Maurice comme étant un vaste chantier à en devenir. Quel soulagement, Madame la présidente, pour tous les usagers de la route, habitués de prendre leur mal en patience et pour qui la route est une source de stress, avant même d’atteindre leur lieu de travail et de commencer leur journée. Ce sont là des mesures que la population va attendre avec impatience. Moins de bouchons, réalité à en devenir. Autres secteurs à faire ressortir, Madame la présidente, demeure celui de l’eau et de l’énergie. Outre les 6 m³ d’eau gratuitement à chaque famille, le peuple est encouragé à faire l’utilisation des énergies renouvelables, laquelle démarche sera récompensée par la déduction au niveau des impôts. Madame la présidente, le gouvernement est venu prouver, contre toute spéculation, qu’il n’est pas de celui qui prend de la main gauche ce qu’il donne de la main droite. La mauvaise foi de certains avait commencé à gagner les esprits. Il y avait quand même une crainte que la taxe soit augmentée après l’offre généreuse et immédiate aux aînés juste après les résultats des élections. Mais cela n’a pas été le cas. Autres secteurs, Madame la présidente, sur lesquels j’aimerais parler c’est l’éducation et j’avais fait mention dans mon maiden speech de mon engagement professionnel dans ce domaine. Mais avant de parler du secondaire, j’aimerais souligner la décentralisation des centres de formation, à l’instar d’une école polytechnique qui proposera des cours en Middle Management, en Technologies, de l’Information et de la Communication. Comment passer sous silence, Madame la présidente, celle de Montagne Blanche qui offrira la formation liée à l’hôtellerie et au tourisme, ou alors celle de Pamplemousses offrant la formation médicale et qui serait loin des universités champignons conçus pour servir des intérêts personnels, tels que le D. Y. Patil et autre EIILM University. Madame la présidente, les diplômés chômeurs dont la formation ne correspond pas aux demandes du marché de l’emploi, suivront un crash course fait sur mesure, et l’État contribua jusqu’à R 80,000 par année par étudiant. Telles sont, Madame la présidente, mes impressions dégageant de ce budget et dont la particularité couvre 18 mois avec les dépenses prévues à R 154,3 milliards, et les revenus de R 131,2 milliards menant à un déficit égal à 3,6 % du PIB, comparé à 3,2 % en 2014. Pour que les rêves et les projets se réalisent, Madame la présidente, en général, la population est invitée à travailler ensemble. Il lui est donc offert une incitation de taille, pas de hausse fiscale ni de nouvelles taxes et moins d’occasion à gratter les cartes ou se laisser tenter par les jeux du hasard. I would like, Madam Speaker, to comment on the major educational project identified in the Budget and, of course, I am referring to the nine-year schooling project. The nine-year schooling project is a unique opportunity to address the weaknesses of teaching and learning in our present educational system and, for this Government, its people remain au centre de ses préoccupations. So is its youth. Such is our will to target quality education in Mauritius and outer islands. First of all, there have been criticisms about the lack of details provided in the Budget on this reform, but, Madam Speaker, it is not the role of the hon. Minister of Finance to give technical details about this project. This is the responsibility of the hon. Minister of Education and Human Resources, Tertiary Education and Scientific Research, and I am but more than optimistic that the hon. Minister will come to this House and give adequate information once the orientations and principles of this reform are set before it is implemented. At this stage, I would like to point out that the debate on this major structural reform, with a significant pedagogical implication started at the end of the 80s, but this Government, Madam Speaker, has the will and capacity to implement it now. This reform should allow us to obtain three different types of results. We should be able to reduce the considerable pressure that the actual system exerts on all actors of our education and, in particular, on our children. It should provide us with the opportunity to shift our focus from road learning to creativity - meaningful learning and critical thinking. In this sense, we will align ourselves on the philosophical principals underpinning education systems of developed countries. More importantly, Madam Speaker, it should help us to rethink the relationship between primary and secondary education and also the pre-primary. I am aware that this is a major project which will involve careful planning, identification of adequate technical and human resources necessary for its implementation, but I am confident, Madam Speaker that the hon. Minister of Education and Human Resources, Tertiary Education and Scientific Research will leave no stone unturned in order to achieve the aims set. I would, however, recommend a careful monitoring of the project during the first years of its implementation phase. This should allow us to identify the potential problems and weaknesses which could be addressed at the early phase of the nine-year schooling project. I would also humbly propose that the monitoring be carried out by educationists who are not necessarily part of the Ministry. I would also like to comment, Madam Speaker, on the Marshall Plan against poverty. In the same line of thought, I wish to congratulate the hon. Minister for translating his vision and the vision of this Government to revisit the structure and application of the CSR system so as to make it more effective. I would like to comment on the Marshall Plan against poverty, but I would like, first of all, to congratulate both the hon. Prime Minister and the hon. Minister of Education and Human Resources, Tertiary Education and Scientific Research for this bold initiative. I agree with the Minister of Finance and Economic Development that the Government needed to be bold in order to state plainly that the plight of vulnerable families has been getting worse in recent years and to adopt a more direct approach to extend support to the very poor families living in identified poches de pauvreté. J’ai été heureuse d’apprendre, Madame la présidente, les différentes actions identifiées pour combattre la pauvreté, ensuring that all children attend school and develop their full talents creating sports and leisure facilities. I would also like to stress the importance of revisiting existing services offered to the public with the fight against poverty, for example, in youth centres offering leisure facilities, we will have to train the staff to step into their new roles. However, I firmly believe in the paramount implication of the role of both formal and informal education and what they have to play to strengthen pre-primary educational facilities in those poches de pauvreté. This will be a great step, Madam Speaker. We should measure the true value and importance of the role that pre-primary education can play in reducing educational failures. Another aspect not to be neglected remains technical education. As for non-formal education, sensitisation campaigns, fight against all identified evils of our society like alcoholism and drugs, will need rethinking. However, the best tool any Government has to combat poverty is education and in the same line of thought, I would like to congratulate the hon. Minister of Finance and Economic Development for translating this vision of the Government in proposing to revisit the structure and application of the CSR companies which are now invited to invest wholly in a chosen poor region and for this, again, I congratulate the hon. Minister of Finance and Economic Development. C’est une brillante idée, Madame la présidente, et une décision fort louable que de vouloir changer la face d’une nation dans ce qui constitue la triste réalité de nos propres concitoyens. On n’a qu’à imaginer les cités phares qui naîtront des gouffres de pauvreté où la misère et la pauvreté se côtoient quotidiennement et amèrement et à faire pâlir les plus audacieux des gouvernements. Ce n’est nullement, Madame la présidente, une volonté de jeter ses responsabilités dans un secteur privé, mais au contraire, d’inviter ce secteur privé à ne pas se disperser, mais à vraiment contribuer à apporter un réel changement soutenu et visible en remettant debout nos propres citoyens. De plus, ce n’est pas comme l’a dit un membre de l’opposition, une liste exhaustive des poches de pauvreté, mais comme on l’a cru mais un échantillon de poches, hélas trop nombreuses à énumérer. Ce gouvernement, Madame la présidente, fait appel à ces best brains, car la perte des talents appauvrit un pays. Cependant, la pratique non-méritocratique à des postes clés est un étendard de vérité qui a repoussé bien des concitoyens préférant évoluer sous d’autres cieux. Certes, les propositions salariales doivent être alléchantes pour pouvoir attirer nos cerveaux. Mais un autre aspect serait les liens familiaux irremplaçables qui pourraient les tenter surtout si la taxe ne sera pas payable sur une période de dix ans. The Police Academy, Madam Speaker, is a laudable initiative qui vise à faire de nos soldats de l’ordre et des femmes formées, capables de servir ce pays de façon plus civilisée. Le secteur de l’agro-alimentaire, Madame la présidente, est un autre aspect ayant retenu mon attention. Madame la présidente, l’ambitieux projet de se lancer dans la culture des produits bio, certes, est un projet des plus attrayants représentants un moyen d’offrir un produit par lequel des fertilisants et des pesticides chimiques sont prescrits et à sortir de la culture traditionnelle. Mais cette nouvelle culture requiert une expertise extrêmement bien rodée, une mesure qui certes créera deux catégories de consommateurs : ceux ayant un meilleur pouvoir d’achat et ceux ne pouvant s’en procurer. Mais il n’en demeure pas moins que le souci de préserver la santé pousserait des consommateurs à vouloir s’en procurer quel qu’en soit le prix. Mais soyons réalistes et armons-nous de patience, car le chemin sera surement long. Donc, osons rêver et attendons! Madame la présidente, puisqu’on parle des produits alimentaires, permettez que, par ricochet, je me tourne vers le projet de bannir les sacs en plastique que je trouve courageux. N’empêche que je ne puis m’empêcher de mentionner que ce qu’on appelle communément sacs en plastique sont devenus comme notre pavillon national. Mauritian people are easily recognised even at marketplaces abroad with their sacs en plastique and it will take time to get rid of these. Alternatives may be found as nos sacs en papier actuellement sur le marché se défoncent à vue d’œil et on se demande comment disposer de la saleté après que nous, Mauriciens, ayant été habitués maintenant - disciplinés que nous sommes - à disposer des restes dans nos fameux grands sacs en plastique noir. Before concluding, Madam Speaker, I wish to precise that this Budget highlights the leadership of all the Leaders of this Government and I wish to quote John W. Work’s definition which qualifies effective leaders as those individuals who in their inimitable ways, I quote – “Inspire confidence, undermine despair, fight fear, initiate positive and productive actions, define the goals and paint brighter tomorrows.” My plea, Madam Speaker, if we have listened to the words, let us not lose the music that underlies the measures taken to allow the country to breathe, its people to sigh and to better live under the sun of prosperity and hope. My appeal to all hon. Members of this House will be to remain in togetherness so as to unfold a new page of our history, heal the nation’s wounds and make our people fully adhere to our programme de redressement. Let us bring this consumer and ‘zougadère’ tendency in our people to turn into one nation responsable dans son comportement citoyen, familial et dans sa contribution économique et aussi, dans son comportement social, dans sa marche vers une société plus juste où le soleil de cette île ne sera pas seulement un atout touristique à vendre, mais où chaque Mauricien se sentira partie prenante d’une île Maurice debout ayant retrouvé ses marques et sa dignité. Let us look around, Madam Speaker! This Government is special with the best team ever. I should also say, this House is special and if honesty and dedication remain our keys on both sides of the House, our country will be blessed in the realisation of the financial programme set by our Grand Argentier to whom I wish many other brilliant budgets. May God bless the Rt. hon. Prime Minister, the Deputy Prime Minister, the two other Vice-Prime Ministers, the Leader of the MSM and my wishes extend to the hon. Leader of the Opposition and to each and every Member of this august Assembly. May God bless us all in our mission! Long live this Government! On these words, Madam Speaker, I wish to leave the floor and thank you for your attention."
146,235,0.3917,,"adjourned, stands, adjournment, matters, raised, house, matter, happening, bond, members","The House stands adjourned. Question put and agreed to. MATTER RAISED SAVANNE & BLACK RIVER – DRAINS - UPGRADING Mr G. Lesjongard (Second Member for Savanne & Black River): Mr Deputy Speaker, Sir, I wish to thank you for granting me the permission to raise the following specific matter at adjournment time. Specific matter which reads as follows: ‘the maintenance and/or constructions/upgrading of drains in the region of Le Morne, Baie du Cap, Bel Ombre and other areas in Constituency No. 14 Savanne and Black River which are prone to flooding’. Mr Deputy Speaker, Sir, I shall try to be brief and precise in my intervention. The House will recall, Mr Deputy Speaker, Sir, that in 2002, the then MSM/MMM Government commissioned a study of the land drainage system of our island. The study was carried out by the consultancy firm GIBB (Mauritius) LTD. And in their final report, they did identify the flood prone areas and recommended measures to be taken to eliminate flooding problems in several areas in the country. The regions that I have highlighted form part of these flood prone areas, that is: Le Morne, Baie Du Cap, Bel Ombre, La Gaulette, Case Noyale and other regions in Constituency No. 14. Mr Deputy Speaker, Sir, during the recent heavy rainfall, my two colleagues and myself, Members of Constituency No. 14, we visited the regions affected by the flooding and we took stock of the situation. Several families suffered because of the heavy rains. In certain areas or villages, roads had to be closed due to potential risk of accidents. As such, Mr Deputy Speaker, Sir, there is no drainage system, that is, the network of drains that are interlinked. There are drains, but no drainage system. That part of our island is drained by rivers and, in case of heavy rainfall, it is the rivers that drain the water naturally to the sea. We are all aware that a number of hotels and real estate projects have been implemented in that region and, you will agree, Mr Deputy Speaker, Sir, that the natural flow rate of the rivers have been affected over the years and during the last decade there have not been many projects related to the construction of drains although the land drainage report had identified several projects in that Constituency. It is also known that during the last years, at the level of local authorities, they have not been allocated the necessary funds to carry out the necessary maintenance work or implementation of drain works and it is for this reason, Mr Deputy Speaker, Sir, I am taking the time of the House to raise this issue as a matter of urgency. I would, therefore, request the Rt. hon. Prime Minister to give due consideration to my request and allocate the necessary funds that are needful for the works to be carried out either at the level of local authorities or at the level of the NDU. I thank you, Mr Deputy Speaker, Sir.","The House stands adjourned. Hon. Members, I wish to inform Members that provision has been made for dinner.","If the hon. Minister could, maybe, enlighten the House and enlighten myself. Normally, at the end of a lease, if there is no request for a renewal or if it does not come to an end as such, there is no notice sent by the lessee to the lessor or vice versa, there is this operation of renewal by tacit reconduction. Isn’t this included in the lease, therefore, the issue of renewal does not arise, and it has just been renewed automatically for the same period?"
154,223,0.3392,,"page, ncsrf20, osman, mahomed, abbas, mamode, hon, street, dhunoo, mdine",MAHEBOURG - AQUACULTURE PROJECT,Hon. Lesjongard! CEMENT BAOBAB LAKAZ - MAURITIUS STANDARDS BUREAU - CLASSIFICATION,MAURITIUS JUDO FEDERATION - JUDOKA J. M. - SUSPENSION
120,223,0.4252,,"reading, read, second, order, for, tuesday, stop, parlez, 2012, xavierluc","I will read it, don’t worry. I am good at reading also!",Order for Second reading read.,Order for Second Reading read.
147,221,0.4525,,"mbc, news, broadcasting, mbctv, broadcast, tv, madam, is, that, director","Pending the setting up of the Select Committee, can I make a request to the Prime Minister to see to it that now that we are starting debates at the National Assembly, firm directives should be given to the MBC/TV - we have all been victims of one person at the MBC/TV - not to have the Opposition becoming muet every Tuesday?","Well, instructions have already been given to the MBC that they should be objective in whatever they do.","The Rt. hon. Prime Minister has given an indication of the new policy of Government to the nation, which I agree. Can I make a request to the Rt. hon. Prime Minister to give directives to the MBC/TV? We have the politicians who are debarred from making speeches, which is a good thing, but at least the MBC/TV should not give voices to the presidents of the socio-cultural centres or persons who go on TV and make speeches and which are covered live by the MBC/TV. It would defeat the purpose. On one hand, you have the politicians and, on the other hand, the representatives of socio-cultural centres who make political speeches live on the MBC/TV."
129,220,0.326,,"adjourned, stands, house, raised, matters, matter, rising, the, 1130, lobby",The House stands adjourned.,The House stands adjourned. Question put and agreed to. MATTER RAISED,The House stands adjourned.
137,218,0.252,,"baloomoody, hon, page, balgobin, baloomooody, chowbay, neha, rughoobur, bagwan, uteem","Hon. Baloomoody, next question! AIRMATE LTD – WORKERS – RECRUITMENT",Hon. Baloomoody!,Hon. Baloomoody!
163,206,0.4499,,"she, her, elle, lady, not, but, is, has, said, me",That is not the law! This lady is a victim precisely because she worked for me in the general elections.,She has been…,"But going by Press reports, she has indicated that she is committed and she is not able to come here some time soon, in spite of the request for an early trial. So, the request is: “Let us quash this whole issue once and for all by going for a full-fledged Commission of Inquiry."
157,205,0.2907,,"franois, interruptions, please, yes, hon, you, femmes, edouard, no, la","Yes. No interruptions, please!","No interruptions, please!","No interruptions, please!"
125,201,0.3203,,"navarremarie, mrs, hon, thank, navarre, you, arianne, marie, page, mp","(ii) Atlee; (iii) Palmerston; (iv) Paul et Virginie; (v) Vallée des Prêtres, and (vi) Cité La Cure.","For Avenue des Tulipes, Quatre Bornes.",He said that I have mentioned the village of Mare Tabac.
128,199,0.2446,,"juman, hon, thank, ehsan, you, yes, please, much, jugnauth, merci","Yes, hon. Jugnauth!","Yes, hon. Jugnauth!","Merci, merci! Thank you."
181,198,0.4045,,"announcement, announcements, obituary, press, assembly, parliamentary, publication, employees, national, standing",ANNOUNCEMENTS NATIONAL ASSEMBLY – COMMITTEES – COMPOSITION (1) COMMITTEE OF SELECTION (2) PUBLIC ACCOUNTS COMMITTEE (3) STANDING ORDERS COMMITTEE (4) HOUSE COMMITTEE,"I am being objective, Madam Speaker! C’est ce qu’a affirmé le légiste Raouf Gulbul dans Le Grand Journal, animé par Nawaz Noorbux, et repris par Le Défi Quotidien du 06 November 2014. And it is indeed with great pleasure that I’ll provide the Rt. hon. Prime Minister with a copy of that written agreement, which was made public and circulated on Internet and otherwise. But it happens dans l’histoire that hysteria takes over at a given point, and this is indeed what took place, helped along, as I said, by the former Prime Minister himself, because for his electoral purposes he thought fit to give the wrong perception of what was provided and what we meant to do, Madam Speaker. Madam Speaker, without playing as being wise after the event, I am prepared to say que le MMM a eu tort et aurait dû aller seul aux dernières élections, malgré le risque qui existait de voir le Parti travailliste et le MSM, si nous avions decidé d’y aller seul ...","Madam Speaker, I am afraid that I will have to dwell slightly more on this because not only has it been in the press and I mentioned about this Week-End edition – “des nominations de plus en plus scandaleuses”. But I leave it to the appreciation of the House, the manner in which the press has been hammering and battering someone for four weeks. What is the newsworthiness of this? I can understand one week, I can understand two weeks, four weeks. I hope ‘Week-End’ will publish whatever I am saying in this House, and I hope they do it faithfully because we believe in freedom of the press. I for one, as barrister, have defended anybody, and I will continue to defend anybody who is unjustly attacked. But never has there been such persecution of one person by the media for such a long period of time. Never! And I think it is important that we mention it in this House. I will say it for anybody; not only because she happens to be the Executive Director of the Trust Fund."
145,196,0.2679,,"luchmun, roy, mrs, hon, monty, land, lepoigneur, page, who, you",Hon. Mrs Monty!,Hon. Mrs Monty!,Hon. Mrs Monty!
198,192,0.3125,,"armance, hon, page, patrick, please, assirvaden, yes, resume, your, lepoigneur",Hon. Armance!,"Hon. Armance, please!",Hon. Armance!
152,182,0.2044,,"jahangeer, meea, ameer, boisszon, hon, jagutpal, jadoojaunbocus, longreblanc, teresa, bashir",Hon. Jahangeer!,Hon. Jahangeer!,Hon. Jahangeer!
159,180,0.2697,,"break, hour, minutes, tea, lunch, half, thank, dinner, you, 30","Hon. Members, I wish to inform you that provision has been made for dinner.",It is time to break for tea for half an hour.,The dinner took place on 16.
165,178,0.4162,,"bodha, bhagwan, hon, leader, opposition, mp, lobine, kunebacha, foo, soke",Hon. Bhagwan!,Hon. Bodha!,"Yes! What about these people, Gooljaury and others?"
158,175,0.2774,,"aumeer, dr, hon, ittoo, farhad, thank, yes, you, supplementary, much",MITD - PROFESSOR V. P. TORUL REPORT,Hon. Dr. Aumeer!,Hon. Dr. Aumeer!
148,173,0.2547,,"baloomoody, order, exempted, todays, please, paper, seconded, police, hon, paragraph","Madam Speaker, I move that all the business on today’s Order Paper be exempted from the provisions of paragraph (2) of Standing Order 10. The Deputy Prime Minister rose and seconded. Question put and agreed to.",Hon. Baloomoody!,"Madam Speaker, I move that all the business on today’s Order Paper be exempted from the provisions of paragraph (2) of Standing Order 10. The Deputy Prime Minister rose and seconded. Question put and agreed to."
156,173,0.201,,"supplementary, last, reponn, kestion, one, rfps, funerals, irregularity, meea, ameer",Last supplementary on this!,A last supplementary!,The previous lessees.
196,173,0.2796,,"abbas, mamode, de, hon, sme, cooperative, le, cooperatives, smeda, la","En 2008, les Américains avaient dit ‘Yes We Can’. Mais le 11 décembre 2014, les Mauriciens ont dit ‘Yes. We did It’.","Madam Speaker, what the hon. member said about Mangal Mahadev; Mangal Mahadev is going to attack him. He is going to attack him!","So, what I hear now, PPS hon. Abbas Mamode say, is precisely what I am getting at, that, out there, people will see that …."
160,172,0.4553,,"order, sides, house, both, please, some, side, can, continue, you","Can we have some order in the House, please?",I am asking hon. Members to have some order in the House!,Can I have some order in the House!
178,168,0.3621,,"fowdar, yes, mahomed, osman, hon, champ, mars, compagnie, sure, jmls",Hon. Fowdar!,"Yes, hon. Osman Mahomed!","Yes, hon. Osman Mahomed!"
182,163,0.503,,"mayotte, mrs, lectriques, vhicules, de, lectrique, pcheur, voiture, la, le",Hon. Collendavelloo!,"Hon. Members, good evening, please be seated. Hon. Mrs Sandra Mayotte !",Hon. Mrs Mayotte!
189,161,0.3551,,"ramano, hon, structured, buy, migration, rt, foreigners, fume, investment, yes","Yes, hon. Ramano!","Yes, hon. Ramano!",Hon. Ramano!
195,151,0.318,,"suspension, 102, motion, so, over, time, 10, seated, much, thank","Okay, no question! MOTION SUSPENSION OF S. O. 10 (2)",No question! Okay. MOTION SUSPENSION OF S.O. 10 (2),MOTION SUSPENSION OF S.O. 10 (2)
188,127,0.3128,,"last, question, issue, fourth, answer, irrelevant, careful, meantime, one, everybody",Last question on this issue!,Last question!,Last question!
197,108,0.2596,,"joomaye, dr, hon, yes, page, next, question, last, ask, meantime",Hon. Dr. Joomaye!,Hon. Dr. Joomaye!,Hon. Dr. Joomaye!
